ID,ratio,Atomic_Number,Atomic_Weight,Atomic Radius,Mulliken EN,polarizability(A^3),electron affinity(kJ/mol)
1,0.055555556,58,140,2.1,3.25,36,55
2,0.055555556,59,141,2.47,3.22,34,11
3,0.055555556,60,144,2.06,3.25,32,9
4,0.055555556,62,150.5,2.38,3.35,29,16
5,0.055555556,64,157,2.33,3.45,26,13
6,0.033707865,27,58.93,1.52,4.27,6.8,64
7,0.071428571,30,65.58,1.42,3.69,7.08,-60
8,0.023255814,29,63.55,1.45,4.48,6.1,119
9,0.021428571,48,112.4,1.61,3.8,6,-70
10,0.205128205,30,65.58,1.42,3.69,7.08,-60
11,0.032258065,11,22.99,1.9,2.84,23.6,53
12,0.035714286,27,58.93,1.52,4.27,6.8,64
13,0.116788321,23,50.94,1.71,3.64,11.4,51
14,0.116788321,23,50.94,1.71,3.64,11.4,51
15,0.022222222,30,65.58,1.42,3.69,7.08,-60
16,0.058823529,27,58.93,1.52,4.27,6.8,64
17,0.025,62,150.5,2.38,3.35,29,16
18,0.025,57,139,2.26,3.02,37,54
19,0.025,64,157,2.33,3.45,26,13
20,0.025,60,144,2.06,3.25,32,9
21,0.032258065,29,63.55,1.45,4.48,6.1,119
22,0.052631579,69,169,2.22,3.61,22,99
23,0.0625,57,139,2.26,3.02,37,54
24,0.071428571,29,63.55,1.45,4.48,6.1,119
25,0.090909091,29,63.55,1.45,4.48,6.1,119
26,0.033707865,29,63.55,1.45,4.48,6.1,119
27,0.04,29,63.55,1.45,4.48,6.1,119
28,0.052631579,28,58.69,1.49,4.4,6.5,112
29,0.075,29,63.55,1.45,4.48,6.1,119
30,0.039215686,58,140,2.1,3.25,36,55
31,0.04,60,144,2.06,3.25,32,9
32,0.023255814,58,140,2.1,3.25,36,55
33,0.023255814,64,157,2.33,3.45,26,13
34,0.023255814,58,140,2.1,3.25,36,55
35,0.04,29,63.55,1.45,4.48,6.1,119
36,0.029411765,30,65.58,1.42,3.69,7.08,-60
37,0.029411765,30,65.58,1.42,3.69,7.08,-60
38,0.0625,20,40.08,1.94,3.07,25,2
39,0.034482759,29,63.55,1.45,4.48,6.1,119
40,0.018181818,57,139,2.26,3.02,37,54
41,0.016393443,57,139,2.26,3.02,37,54
42,0.035714286,29,63.55,1.45,4.48,6.1,119
43,0.038461538,29,63.55,1.45,4.48,6.1,119
44,0.037037037,30,65.58,1.42,3.69,7.08,-60
45,0.071428571,30,65.58,1.42,3.69,7.08,-60
46,0.090909091,29,63.55,1.45,4.48,6.1,119
47,0.090909091,29,63.55,1.45,4.48,6.1,119
48,0.028169014,48,112.4,1.61,3.8,6,-70
49,0.028169014,48,112.4,1.61,3.8,6,-70
50,0.086956522,30,65.58,1.42,3.69,7.08,-60
51,0.045454545,48,112.4,1.61,3.8,6,-70
52,0.090909091,30,65.58,1.42,3.69,7.08,-60
53,0.111111111,25,54.94,1.61,3.47,8.6,-50
54,0.142857143,25,54.94,1.61,3.47,8.6,-50
55,0.111111111,25,54.94,1.61,3.47,8.6,-50
56,0.111111111,25,54.94,1.61,3.47,8.6,-50
57,0.111111111,25,54.94,1.61,3.47,8.6,-50
58,0.111111111,25,54.94,1.61,3.47,8.6,-50
59,0.111111111,25,54.94,1.61,3.47,8.6,-50
60,0.047619048,27,58.93,1.52,4.27,6.8,64
61,0.055555556,23,50.94,1.71,3.64,11.4,51
62,0.040816327,30,65.58,1.42,3.69,7.08,-60
63,0.040816327,30,65.58,1.42,3.69,7.08,-60
64,0.037037037,48,112.4,1.61,3.8,6,-70
65,0.027777778,29,63.55,1.45,4.48,6.1,119
66,0.027777778,28,58.69,1.49,4.4,6.5,112
67,0.111111111,48,112.4,1.61,3.8,6,-70
68,0.033333333,30,65.58,1.42,3.69,7.08,-60
69,0.033333333,25,54.94,1.61,3.47,8.6,-50
70,0.0625,12,24.31,1.45,4.09,10.6,-40
71,0.018867925,29,63.55,1.45,4.48,6.1,119
72,0.017857143,48,112.4,1.61,3.8,6,-70
73,0.037974684,48,112.4,1.61,3.8,6,-70
74,0.052631579,58,140,2.1,3.25,36,55
75,0.027777778,30,65.58,1.42,3.69,7.08,-60
76,0.04494382,30,65.58,1.42,3.69,7.08,-60
77,0.015384615,48,112.4,1.61,3.8,6,-70
78,0.054054054,30,65.58,1.42,3.69,7.08,-60
79,0.058823529,56,137.3,2.53,2.68,39.7,14
80,0.052631579,47,107.9,1.65,4.44,6.3,126
81,0.028571429,28,58.69,1.49,4.4,6.5,112
82,0.038461538,27,58.93,1.52,4.27,6.8,64
83,0.038461538,27,58.93,1.52,4.27,6.8,64
84,0.036144578,27,58.93,1.52,4.27,6.8,64
85,0.018867925,30,65.58,1.42,3.69,7.08,-60
86,0.014705882,27,58.93,1.52,4.27,6.8,64
87,0.108108108,92,238,2.22,3.37,46,51
88,0.125,12,24.31,1.45,4.09,10.6,-40
89,0.045045045,25,54.94,1.61,3.47,8.6,-50
90,0.185185185,31,69.72,1.36,3.21,8.12,29
91,0.056603774,30,65.58,1.42,3.69,7.08,-60
92,0.04,30,65.58,1.42,3.69,7.08,-60
93,0.04,30,65.58,1.42,3.69,7.08,-60
94,0.038461538,30,65.58,1.42,3.69,7.08,-60
95,0.038461538,30,65.58,1.42,3.69,7.08,-60
96,0.041666667,30,65.58,1.42,3.69,7.08,-60
97,0.041666667,30,65.58,1.42,3.69,7.08,-60
98,0.038461538,30,65.58,1.42,3.69,7.08,-60
99,0.038461538,30,65.58,1.42,3.69,7.08,-60
100,0.032258065,30,65.58,1.42,3.69,7.08,-60
101,0.033333333,30,65.58,1.42,3.69,7.08,-60
102,0.027522936,27,58.93,1.52,4.27,6.8,64
103,0.022058824,28,58.69,1.49,4.4,6.5,112
104,0.057692308,29,63.55,1.45,4.48,6.1,119
105,0.057692308,29,63.55,1.45,4.48,6.1,119
106,0.057692308,29,63.55,1.45,4.48,6.1,119
107,0.057692308,29,63.55,1.45,4.48,6.1,119
108,0.040816327,29,63.55,1.45,4.48,6.1,119
109,0.032258065,67,165,2.26,3.55,23,33
110,0.032258065,66,162.5,2.28,3.51,25,1
111,0.03125,62,150.5,2.38,3.35,29,16
112,0.03125,59,141,2.47,3.22,34,11
113,0.03125,58,140,2.1,3.25,36,55
114,0.03125,57,139,2.26,3.02,37,54
115,0.037037037,28,58.69,1.49,4.4,6.5,112
116,0.046153846,25,54.94,1.61,3.47,8.6,-50
117,0.044444444,25,54.94,1.61,3.47,8.6,-50
118,0.04,27,58.93,1.52,4.27,6.8,64
119,0.125,83,209,1.43,4.11,4,91
120,0.048780488,28,58.69,1.49,4.4,6.5,112
121,0.064935065,30,65.58,1.42,3.69,7.08,-60
122,0.043478261,29,63.55,1.45,4.48,6.1,119
123,0.055555556,29,63.55,1.45,4.48,6.1,119
124,0.055555556,29,63.55,1.45,4.48,6.1,119
125,0.0625,60,144,2.06,3.25,32,9
126,0.052631579,30,65.58,1.42,3.69,7.08,-60
127,0.018181818,42,95.96,1.9,3.92,13,72
128,0.041666667,30,65.58,1.42,3.69,7.08,-60
129,0.022988506,28,58.69,1.49,4.4,6.5,112
130,0.013513514,11,22.99,1.9,2.84,23.6,53
131,0.038461538,66,162.5,2.28,3.51,25,1
132,0.038461538,64,157,2.33,3.45,26,13
133,0.0625,30,65.58,1.42,3.69,7.08,-60
134,0.02173913,27,58.93,1.52,4.27,6.8,64
135,0.016393443,25,54.94,1.61,3.47,8.6,-50
136,0.019607843,26,55.85,1.56,4.03,7.5,15
137,0.019607843,26,55.85,1.56,4.03,7.5,15
138,0.019607843,26,55.85,1.56,4.03,7.5,15
139,0.04,29,63.55,1.45,4.48,6.1,119
140,0.035714286,29,63.55,1.45,4.48,6.1,119
141,0.083333333,30,65.58,1.42,3.69,7.08,-60
142,0.035714286,59,141,2.47,3.22,34,11
143,0.038461538,58,140,2.1,3.25,36,55
144,0.027522936,12,24.31,1.45,4.09,10.6,-40
145,0.027027027,20,40.08,1.94,3.07,25,2
146,0.034482759,57,139,2.26,3.02,37,54
147,0.019607843,29,63.55,1.45,4.48,6.1,119
148,0.02739726,30,65.58,1.42,3.69,7.08,-60
149,0.111111111,26,55.85,1.56,4.03,7.5,15
150,0.111111111,26,55.85,1.56,4.03,7.5,15
151,0.111111111,26,55.85,1.56,4.03,7.5,15
152,0.111111111,26,55.85,1.56,4.03,7.5,15
153,0.111111111,26,55.85,1.56,4.03,7.5,15
154,0.111111111,26,55.85,1.56,4.03,7.5,15
155,0.051282051,28,58.69,1.49,4.4,6.5,112
156,0.066666667,29,63.55,1.45,4.48,6.1,119
157,0.066666667,29,63.55,1.45,4.48,6.1,119
158,0.041666667,29,63.55,1.45,4.48,6.1,119
159,0.041666667,29,63.55,1.45,4.48,6.1,119
160,0.041666667,29,63.55,1.45,4.48,6.1,119
161,0.041666667,29,63.55,1.45,4.48,6.1,119
162,0.058823529,59,141,2.47,3.22,34,11
163,0.025,64,157,2.33,3.45,26,13
164,0.01369863,25,54.94,1.61,3.47,8.6,-50
165,0.035714286,29,63.55,1.45,4.48,6.1,119
166,0.03030303,48,112.4,1.61,3.8,6,-70
167,0.090909091,56,137.3,2.53,2.68,39.7,14
168,0.035714286,64,157,2.33,3.45,26,13
169,0.083333333,47,107.9,1.65,4.44,6.3,126
170,0.037037037,20,40.08,1.94,3.07,25,2
171,0.068965517,48,112.4,1.61,3.8,6,-70
172,0.03030303,29,63.55,1.45,4.48,6.1,119
173,0.02189781,66,162.5,2.28,3.51,25,1
174,0.04,27,58.93,1.52,4.27,6.8,64
175,0.076923077,42,95.96,1.9,3.92,13,72
176,0.073170732,29,63.55,1.45,4.48,6.1,119
177,0.020979021,12,24.31,1.45,4.09,10.6,-40
178,0.035714286,60,144,2.06,3.25,32,9
179,0.027027027,59,141,2.47,3.22,34,11
180,0.037037037,27,58.93,1.52,4.27,6.8,64
181,0.032258065,29,63.55,1.45,4.48,6.1,119
182,0.043478261,25,54.94,1.61,3.47,8.6,-50
183,0.043478261,25,54.94,1.61,3.47,8.6,-50
184,0.058823529,25,54.94,1.61,3.47,8.6,-50
185,0.095238095,27,58.93,1.52,4.27,6.8,64
186,0.046511628,66,162.5,2.28,3.51,25,1
187,0.125,48,112.4,1.61,3.8,6,-70
188,0.125,48,112.4,1.61,3.8,6,-70
189,0.085714286,27,58.93,1.52,4.27,6.8,64
190,0.022727273,29,63.55,1.45,4.48,6.1,119
191,0.085714286,27,58.93,1.52,4.27,6.8,64
192,0.032258065,27,58.93,1.52,4.27,6.8,64
193,0.111111111,27,58.93,1.52,4.27,6.8,64
194,0.071428571,59,141,2.47,3.22,34,11
195,0.071428571,60,144,2.06,3.25,32,9
196,0,0,0,0,0,0,0
197,0,0,0,0,0,0,0
198,0.019607843,30,65.58,1.42,3.69,7.08,-60
199,0.043478261,27,58.93,1.52,4.27,6.8,64
200,0.052631579,31,69.72,1.36,3.21,8.12,29
201,0.04,66,162.5,2.28,3.51,25,1
202,0.04,67,165,2.26,3.55,23,33
203,0.04,68,167,2.26,3.58,23,30
204,0.04,69,169,2.22,3.61,22,99
205,0.105263158,25,54.94,1.61,3.47,8.6,-50
206,0.05,29,63.55,1.45,4.48,6.1,119
207,0.054545455,29,63.55,1.45,4.48,6.1,119
208,0.043859649,3,6.941,1.67,3.01,24.3,60
209,0.027027027,48,112.4,1.61,3.8,6,-70
210,0.058823529,29,63.55,1.45,4.48,6.1,119
211,0.042553191,66,162.5,2.28,3.51,25,1
212,0.033333333,57,139,2.26,3.02,37,54
213,0.034482759,60,144,2.06,3.25,32,9
214,0.125,29,63.55,1.45,4.48,6.1,119
215,0.133333333,29,63.55,1.45,4.48,6.1,119
216,0.018181818,48,112.4,1.61,3.8,6,-70
217,0.025210084,30,65.58,1.42,3.69,7.08,-60
218,0.027027027,25,54.94,1.61,3.47,8.6,-50
219,0.024390244,25,54.94,1.61,3.47,8.6,-50
220,0.111111111,27,58.93,1.52,4.27,6.8,64
221,0.019736842,25,54.94,1.61,3.47,8.6,-50
222,0.028169014,29,63.55,1.45,4.48,6.1,119
223,0.029411765,48,112.4,1.61,3.8,6,-70
224,0.029411765,48,112.4,1.61,3.8,6,-70
225,0.028571429,29,63.55,1.45,4.48,6.1,119
226,0.017857143,70,173,2.22,3.12,22,-2
227,0.066666667,25,54.94,1.61,3.47,8.6,-50
228,0.066666667,27,58.93,1.52,4.27,6.8,64
229,0.022727273,39,88.91,2.12,3.26,22,30
230,0.022727273,70,173,2.22,3.12,22,-2
231,0.022727273,71,175,2.17,2.88,20,23
232,0.022727273,62,150.5,2.38,3.35,29,16
233,0.022727273,64,157,2.33,3.45,26,13
234,0.022727273,66,162.5,2.28,3.51,25,1
235,0.022727273,67,165,2.26,3.55,23,33
236,0.022727273,68,167,2.26,3.58,23,30
237,0.022727273,69,169,2.22,3.61,22,99
238,0.047619048,60,144,2.06,3.25,32,9
239,0.041666667,27,58.93,1.52,4.27,6.8,64
240,0.041666667,28,58.69,1.49,4.4,6.5,112
241,0.04,27,58.93,1.52,4.27,6.8,64
242,0.04,28,58.69,1.49,4.4,6.5,112
243,0.035294118,25,54.94,1.61,3.47,8.6,-50
244,0.066666667,27,58.93,1.52,4.27,6.8,64
245,0.043478261,26,55.85,1.56,4.03,7.5,15
246,0.043478261,26,55.85,1.56,4.03,7.5,15
247,0.043478261,26,55.85,1.56,4.03,7.5,15
248,0.043478261,26,55.85,1.56,4.03,7.5,15
249,0.058823529,30,65.58,1.42,3.69,7.08,-60
250,0.058823529,27,58.93,1.52,4.27,6.8,64
251,0.103448276,29,63.55,1.45,4.48,6.1,119
252,0.0625,29,63.55,1.45,4.48,6.1,119
253,0.0625,29,63.55,1.45,4.48,6.1,119
254,0.024390244,27,58.93,1.52,4.27,6.8,64
255,0.029411765,27,58.93,1.52,4.27,6.8,64
256,0.020833333,25,54.94,1.61,3.47,8.6,-50
257,0.024390244,25,54.94,1.61,3.47,8.6,-50
258,0.0625,30,65.58,1.42,3.69,7.08,-60
259,0.06,25,54.94,1.61,3.47,8.6,-50
260,0.071428571,29,63.55,1.45,4.48,6.1,119
261,0.022222222,25,54.94,1.61,3.47,8.6,-50
262,0.029411765,48,112.4,1.61,3.8,6,-70
263,0.0625,23,50.94,1.71,3.64,11.4,51
264,0.0625,23,50.94,1.71,3.64,11.4,51
265,0.02,48,112.4,1.61,3.8,6,-70
266,0.038461538,30,65.58,1.42,3.69,7.08,-60
267,0.045454545,25,54.94,1.61,3.47,8.6,-50
268,0.016393443,60,144,2.06,3.25,32,9
269,0.016393443,59,141,2.47,3.22,34,11
270,0.021276596,27,58.93,1.52,4.27,6.8,64
271,0.025,30,65.58,1.42,3.69,7.08,-60
272,0.081081081,27,58.93,1.52,4.27,6.8,64
273,0.02690583,30,65.58,1.42,3.69,7.08,-60
274,0.294117647,29,63.55,1.45,4.48,6.1,119
275,0.294117647,29,63.55,1.45,4.48,6.1,119
276,0.294117647,29,63.55,1.45,4.48,6.1,119
277,0.055555556,31,69.72,1.36,3.21,8.12,29
278,0.013513514,49,114.8,1.56,3.04,4.5,37
279,0.076923077,29,63.55,1.45,4.48,6.1,119
280,0.076923077,29,63.55,1.45,4.48,6.1,119
281,0.076923077,29,63.55,1.45,4.48,6.1,119
282,0.076923077,29,63.55,1.45,4.48,6.1,119
283,0.076923077,29,63.55,1.45,4.48,6.1,119
284,0.076923077,29,63.55,1.45,4.48,6.1,119
285,0.076923077,29,63.55,1.45,4.48,6.1,119
286,0.076923077,29,63.55,1.45,4.48,6.1,119
287,0.076923077,29,63.55,1.45,4.48,6.1,119
288,0.076923077,29,63.55,1.45,4.48,6.1,119
289,0.076923077,29,63.55,1.45,4.48,6.1,119
290,0.076923077,29,63.55,1.45,4.48,6.1,119
291,0.076923077,29,63.55,1.45,4.48,6.1,119
292,0.076923077,29,63.55,1.45,4.48,6.1,119
293,0.076923077,29,63.55,1.45,4.48,6.1,119
294,0.076923077,29,63.55,1.45,4.48,6.1,119
295,0.076923077,29,63.55,1.45,4.48,6.1,119
296,0.076923077,29,63.55,1.45,4.48,6.1,119
297,0.076923077,29,63.55,1.45,4.48,6.1,119
298,0.076923077,29,63.55,1.45,4.48,6.1,119
299,0.076923077,29,63.55,1.45,4.48,6.1,119
300,0.076923077,29,63.55,1.45,4.48,6.1,119
301,0.076923077,29,63.55,1.45,4.48,6.1,119
302,0.076923077,29,63.55,1.45,4.48,6.1,119
303,0.076923077,29,63.55,1.45,4.48,6.1,119
304,0.076923077,29,63.55,1.45,4.48,6.1,119
305,0.076923077,29,63.55,1.45,4.48,6.1,119
306,0.076923077,29,63.55,1.45,4.48,6.1,119
307,0.076923077,29,63.55,1.45,4.48,6.1,119
308,0.076923077,29,63.55,1.45,4.48,6.1,119
309,0.076923077,29,63.55,1.45,4.48,6.1,119
310,0.076923077,29,63.55,1.45,4.48,6.1,119
311,0.076923077,29,63.55,1.45,4.48,6.1,119
312,0.076923077,29,63.55,1.45,4.48,6.1,119
313,0.076923077,29,63.55,1.45,4.48,6.1,119
314,0.076923077,29,63.55,1.45,4.48,6.1,119
315,0.076923077,29,63.55,1.45,4.48,6.1,119
316,0.076923077,29,63.55,1.45,4.48,6.1,119
317,0.013513514,49,114.8,1.56,3.04,4.5,37
318,0.038461538,48,112.4,1.61,3.8,6,-70
319,0.090909091,30,65.58,1.42,3.69,7.08,-60
320,0.016393443,29,63.55,1.45,4.48,6.1,119
321,0.032258065,19,39.1,2.43,2.42,43.4,48
322,0.016393443,92,238,2.22,3.37,46,51
323,0.033333333,25,54.94,1.61,3.47,8.6,-50
324,0.1,30,65.58,1.42,3.69,7.08,-60
325,0.031578947,48,112.4,1.61,3.8,6,-70
326,0.03030303,30,65.58,1.42,3.69,7.08,-60
327,0.1,30,65.58,1.42,3.69,7.08,-60
328,0.027027027,48,112.4,1.61,3.8,6,-70
329,0.052631579,64,157,2.33,3.45,26,13
330,0.052631579,64,157,2.33,3.45,26,13
331,0.052631579,64,157,2.33,3.45,26,13
332,0.052631579,64,157,2.33,3.45,26,13
333,0.052631579,64,157,2.33,3.45,26,13
334,0.052631579,64,157,2.33,3.45,26,13
335,0.068493151,26,55.85,1.56,4.03,7.5,15
336,0.016393443,30,65.58,1.42,3.69,7.08,-60
337,0.06122449,28,58.69,1.49,4.4,6.5,112
338,0.058823529,28,58.69,1.49,4.4,6.5,112
339,0.037037037,48,112.4,1.61,3.8,6,-70
340,0.068965517,29,63.55,1.45,4.48,6.1,119
341,0.076923077,27,58.93,1.52,4.27,6.8,64
342,0.071428571,92,238,2.22,3.37,46,51
343,0.090909091,92,238,2.22,3.37,46,51
344,0.037037037,30,65.58,1.42,3.69,7.08,-60
345,0.111111111,27,58.93,1.52,4.27,6.8,64
346,0.111111111,27,58.93,1.52,4.27,6.8,64
347,0.111111111,27,58.93,1.52,4.27,6.8,64
348,0.027027027,29,63.55,1.45,4.48,6.1,119
349,0.075471698,30,65.58,1.42,3.69,7.08,-60
350,0.214285714,75,186.207,1.88,4.02,9.7,14
351,0.214285714,75,186.207,1.88,4.02,9.7,14
352,0.214285714,75,186.207,1.88,4.02,9.7,14
353,0.214285714,75,186.207,1.88,4.02,9.7,14
354,0.045454545,30,65.58,1.42,3.69,7.08,-60
355,0.048192771,30,65.58,1.42,3.69,7.08,-60
356,0.052631579,13,26.98,1.18,3.21,8.34,42
357,0.053333333,13,26.98,1.18,3.21,8.34,42
358,0.052631579,13,26.98,1.18,3.21,8.34,42
359,0.058823529,27,58.93,1.52,4.27,6.8,64
360,0.046511628,38,87.62,2.19,2.87,27.6,5
361,0.027777778,20,40.08,1.94,3.07,25,2
362,0.017391304,48,112.4,1.61,3.8,6,-70
363,0.033333333,58,140,2.1,3.25,36,55
364,0.033333333,39,88.91,2.12,3.26,22,30
365,0.033333333,59,141,2.47,3.22,34,11
366,0.033333333,60,144,2.06,3.25,32,9
367,0.033333333,62,150.5,2.38,3.35,29,16
368,0.033333333,64,157,2.33,3.45,26,13
369,0.033333333,66,162.5,2.28,3.51,25,1
370,0.033333333,68,167,2.26,3.58,23,30
371,0.033333333,69,169,2.22,3.61,22,99
372,0.026315789,30,65.58,1.42,3.69,7.08,-60
373,0.017857143,30,65.58,1.42,3.69,7.08,-60
374,0.034482759,27,58.93,1.52,4.27,6.8,64
375,0.034482759,27,58.93,1.52,4.27,6.8,64
376,0.044776119,27,58.93,1.52,4.27,6.8,64
377,0.090909091,30,65.58,1.42,3.69,7.08,-60
378,0.041666667,57,139,2.26,3.02,37,54
379,0.037037037,57,139,2.26,3.02,37,54
380,0.038461538,60,144,2.06,3.25,32,9
381,0.035714286,62,150.5,2.38,3.35,29,16
382,0.035714286,64,157,2.33,3.45,26,13
383,0.035714286,64,157,2.33,3.45,26,13
384,0.035714286,68,167,2.26,3.58,23,30
385,0.03125,57,139,2.26,3.02,37,54
386,0.03125,60,144,2.06,3.25,32,9
387,0.03125,58,140,2.1,3.25,36,55
388,0.04494382,29,63.55,1.45,4.48,6.1,119
389,0.045454545,29,63.55,1.45,4.48,6.1,119
390,0.058823529,21,44.96,1.84,3.37,16.9,18
391,0.03030303,30,65.58,1.42,3.69,7.08,-60
392,0.014925373,48,112.4,1.61,3.8,6,-70
393,0.020408163,48,112.4,1.61,3.8,6,-70
394,0.020408163,27,58.93,1.52,4.27,6.8,64
395,0.020408163,48,112.4,1.61,3.8,6,-70
396,0.03,27,58.93,1.52,4.27,6.8,64
397,0.04359673,25,54.94,1.61,3.47,8.6,-50
398,0.111111111,48,112.4,1.61,3.8,6,-70
399,0.027777778,30,65.58,1.42,3.69,7.08,-60
400,0.022222222,19,39.1,2.43,2.42,43.4,48
401,0.042553191,60,144,2.06,3.25,32,9
402,0.025,47,107.9,1.65,4.44,6.3,126
403,0.020979021,27,58.93,1.52,4.27,6.8,64
404,0.090909091,30,65.58,1.42,3.69,7.08,-60
405,0.083333333,4,9.012,1.12,4.81,5.6,-50
406,0.032258065,25,54.94,1.61,3.47,8.6,-50
407,0.032258065,48,112.4,1.61,3.8,6,-70
408,0.032258065,25,54.94,1.61,3.47,8.6,-50
409,0.024,29,63.55,1.45,4.48,6.1,119
410,0.024,29,63.55,1.45,4.48,6.1,119
411,0.037037037,59,141,2.47,3.22,34,11
412,0.03030303,48,112.4,1.61,3.8,6,-70
413,0.023952096,30,65.58,1.42,3.69,7.08,-60
414,0.025641026,48,112.4,1.61,3.8,6,-70
415,0.025641026,48,112.4,1.61,3.8,6,-70
416,0.025641026,29,63.55,1.45,4.48,6.1,119
417,0.025641026,27,58.93,1.52,4.27,6.8,64
418,0.042553191,60,144,2.06,3.25,32,9
419,0.05,64,157,2.33,3.45,26,13
420,0.05,62,150.5,2.38,3.35,29,16
421,0.05,58,140,2.1,3.25,36,55
422,0.028169014,29,63.55,1.45,4.48,6.1,119
423,0.025316456,49,114.8,1.56,3.04,4.5,37
424,0.0625,27,58.93,1.52,4.27,6.8,64
425,0.027777778,47,107.9,1.65,4.44,6.3,126
426,0.08,42,95.96,1.9,3.92,13,72
427,0.015384615,30,65.58,1.42,3.69,7.08,-60
428,0.063492063,30,65.58,1.42,3.69,7.08,-60
429,0.045454545,69,169,2.22,3.61,22,99
430,0.027027027,30,65.58,1.42,3.69,7.08,-60
431,0.028571429,30,65.58,1.42,3.69,7.08,-60
432,0.027027027,30,65.58,1.42,3.69,7.08,-60
433,0.071428571,27,58.93,1.52,4.27,6.8,64
434,0.037037037,30,65.58,1.42,3.69,7.08,-60
435,0.037383178,30,65.58,1.42,3.69,7.08,-60
436,0.054545455,37,85.47,2.65,2.33,47.3,47
437,0.020408163,57,139,2.26,3.02,37,54
438,0.062937063,28,58.69,1.49,4.4,6.5,112
439,0.038461538,27,58.93,1.52,4.27,6.8,64
440,0.0625,27,58.93,1.52,4.27,6.8,64
441,0.035714286,59,141,2.47,3.22,34,11
442,0.046511628,56,137.3,2.53,2.68,39.7,14
443,0.04,28,58.69,1.49,4.4,6.5,112
444,0.052631579,27,58.93,1.52,4.27,6.8,64
445,0.04109589,28,58.69,1.49,4.4,6.5,112
446,0.076923077,30,65.58,1.42,3.69,7.08,-60
447,0.076923077,30,65.58,1.42,3.69,7.08,-60
448,0.058823529,25,54.94,1.61,3.47,8.6,-50
449,0.058823529,25,54.94,1.61,3.47,8.6,-50
450,0.058823529,25,54.94,1.61,3.47,8.6,-50
451,0.058823529,25,54.94,1.61,3.47,8.6,-50
452,0.058823529,25,54.94,1.61,3.47,8.6,-50
453,0.058823529,25,54.94,1.61,3.47,8.6,-50
454,0.058823529,25,54.94,1.61,3.47,8.6,-50
455,0.058823529,25,54.94,1.61,3.47,8.6,-50
456,0.058823529,25,54.94,1.61,3.47,8.6,-50
457,0.085365854,47,107.9,1.65,4.44,6.3,126
458,0.085365854,47,107.9,1.65,4.44,6.3,126
459,0.034482759,30,65.58,1.42,3.69,7.08,-60
460,0.034482759,30,65.58,1.42,3.69,7.08,-60
461,0.076923077,29,63.55,1.45,4.48,6.1,119
462,0.111111111,26,55.85,1.56,4.03,7.5,15
463,0.111111111,27,58.93,1.52,4.27,6.8,64
464,0.125,67,165,2.26,3.55,23,33
465,0.043478261,19,39.1,2.43,2.42,43.4,48
466,0.043478261,19,39.1,2.43,2.42,43.4,48
467,0.071428571,48,112.4,1.61,3.8,6,-70
468,0.047619048,38,87.62,2.19,2.87,27.6,5
469,0.035714286,30,65.58,1.42,3.69,7.08,-60
470,0.046511628,64,157,2.33,3.45,26,13
471,0.046511628,57,139,2.26,3.02,37,54
472,0.024390244,30,65.58,1.42,3.69,7.08,-60
473,0.024390244,30,65.58,1.42,3.69,7.08,-60
474,0.023809524,30,65.58,1.42,3.69,7.08,-60
475,0.023809524,30,65.58,1.42,3.69,7.08,-60
476,0.022727273,30,65.58,1.42,3.69,7.08,-60
477,0.022727273,30,65.58,1.42,3.69,7.08,-60
478,0.046153846,29,63.55,1.45,4.48,6.1,119
479,0.02,48,112.4,1.61,3.8,6,-70
480,0.095238095,25,54.94,1.61,3.47,8.6,-50
481,0.037037037,26,55.85,1.56,4.03,7.5,15
482,0.020408163,30,65.58,1.42,3.69,7.08,-60
483,0.042553191,64,157,2.33,3.45,26,13
484,0.058823529,30,65.58,1.42,3.69,7.08,-60
485,0.117647059,25,54.94,1.61,3.47,8.6,-50
486,0.044444444,30,65.58,1.42,3.69,7.08,-60
487,0.048780488,30,65.58,1.42,3.69,7.08,-60
488,0.036144578,30,65.58,1.42,3.69,7.08,-60
489,0.038461538,58,140,2.1,3.25,36,55
490,0.038461538,59,141,2.47,3.22,34,11
491,0.038461538,60,144,2.06,3.25,32,9
492,0.038461538,62,150.5,2.38,3.35,29,16
493,0.038461538,64,157,2.33,3.45,26,13
494,0.038461538,39,88.91,2.12,3.26,22,30
495,0.022222222,28,58.69,1.49,4.4,6.5,112
496,0.028571429,30,65.58,1.42,3.69,7.08,-60
497,0.022222222,48,112.4,1.61,3.8,6,-70
498,0.176470588,48,112.4,1.61,3.8,6,-70
499,0.021126761,48,112.4,1.61,3.8,6,-70
500,0.021276596,48,112.4,1.61,3.8,6,-70
501,0.02173913,28,58.69,1.49,4.4,6.5,112
502,0.066666667,30,65.58,1.42,3.69,7.08,-60
503,0.066666667,48,112.4,1.61,3.8,6,-70
504,0.066666667,29,63.55,1.45,4.48,6.1,119
505,0.117647059,27,58.93,1.52,4.27,6.8,64
506,0.074074074,28,58.69,1.49,4.4,6.5,112
507,0.03125,60,144,2.06,3.25,32,9
508,0.03125,60,144,2.06,3.25,32,9
509,0.03125,60,144,2.06,3.25,32,9
510,0.03125,60,144,2.06,3.25,32,9
511,0.03125,60,144,2.06,3.25,32,9
512,0.03125,60,144,2.06,3.25,32,9
513,0.025,60,144,2.06,3.25,32,9
514,0.03125,60,144,2.06,3.25,32,9
515,0.023255814,60,144,2.06,3.25,32,9
516,0.03125,60,144,2.06,3.25,32,9
517,0.022727273,66,162.5,2.28,3.51,25,1
518,0.016759777,30,65.58,1.42,3.69,7.08,-60
519,0.036144578,29,63.55,1.45,4.48,6.1,119
520,0.061538462,29,63.55,1.45,4.48,6.1,119
521,0.015151515,28,58.69,1.49,4.4,6.5,112
522,0.018867925,48,112.4,1.61,3.8,6,-70
523,0.0625,64,157,2.33,3.45,26,13
524,0.054054054,29,63.55,1.45,4.48,6.1,119
525,0.035714286,48,112.4,1.61,3.8,6,-70
526,0.029411765,48,112.4,1.61,3.8,6,-70
527,0.060606061,48,112.4,1.61,3.8,6,-70
528,0.025974026,30,65.58,1.42,3.69,7.08,-60
529,0.060606061,44,101.07,1.78,4.5,9.6,101
530,0.060606061,44,101.07,1.78,4.5,9.6,101
531,0.060606061,44,101.07,1.78,4.5,9.6,101
532,0.060606061,44,101.07,1.78,4.5,9.6,101
533,0.060606061,44,101.07,1.78,4.5,9.6,101
534,0.060606061,44,101.07,1.78,4.5,9.6,101
535,0.060606061,44,101.07,1.78,4.5,9.6,101
536,0.051282051,44,101.07,1.78,4.5,9.6,101
537,0.029411765,27,58.93,1.52,4.27,6.8,64
538,0.047619048,27,58.93,1.52,4.27,6.8,64
539,0.047619048,30,65.58,1.42,3.69,7.08,-60
540,0.111111111,29,63.55,1.45,4.48,6.1,119
541,0.018691589,57,139,2.26,3.02,37,54
542,0.056338028,29,63.55,1.45,4.48,6.1,119
543,0.056338028,29,63.55,1.45,4.48,6.1,119
544,0.056338028,29,63.55,1.45,4.48,6.1,119
545,0.042253521,48,112.4,1.61,3.8,6,-70
546,0.04,48,112.4,1.61,3.8,6,-70
547,0.043478261,30,65.58,1.42,3.69,7.08,-60
548,0.047619048,30,65.58,1.42,3.69,7.08,-60
549,0.090909091,92,238,2.22,3.37,46,51
550,0.111111111,29,63.55,1.45,4.48,6.1,119
551,0.166666667,13,26.98,1.18,3.21,8.34,42
552,0.166666667,13,26.98,1.18,3.21,8.34,42
553,0.028571429,27,58.93,1.52,4.27,6.8,64
554,0.024691358,30,65.58,1.42,3.69,7.08,-60
555,0.070422535,48,112.4,1.61,3.8,6,-70
556,0.05,25,54.94,1.61,3.47,8.6,-50
557,0.083333333,29,63.55,1.45,4.48,6.1,119
558,0.042857143,48,112.4,1.61,3.8,6,-70
559,0.047619048,48,112.4,1.61,3.8,6,-70
560,0.018518519,57,139,2.26,3.02,37,54
561,0.025316456,27,58.93,1.52,4.27,6.8,64
562,0.032258065,30,65.58,1.42,3.69,7.08,-60
563,0.032258065,30,65.58,1.42,3.69,7.08,-60
564,0.032258065,30,65.58,1.42,3.69,7.08,-60
565,0.032258065,30,65.58,1.42,3.69,7.08,-60
566,0.052631579,13,26.98,1.18,3.21,8.34,42
567,0.052631579,13,26.98,1.18,3.21,8.34,42
568,0.068965517,28,58.69,1.49,4.4,6.5,112
569,0.035714286,20,40.08,1.94,3.07,25,2
570,0.058823529,12,24.31,1.45,4.09,10.6,-40
571,0.015873016,26,55.85,1.56,4.03,7.5,15
572,0.015873016,26,55.85,1.56,4.03,7.5,15
573,0.015873016,26,55.85,1.56,4.03,7.5,15
574,0.015873016,26,55.85,1.56,4.03,7.5,15
575,0.015873016,26,55.85,1.56,4.03,7.5,15
576,0.016393443,26,55.85,1.56,4.03,7.5,15
577,0.033333333,30,65.58,1.42,3.69,7.08,-60
578,0.033707865,29,63.55,1.45,4.48,6.1,119
579,0.033707865,29,63.55,1.45,4.48,6.1,119
580,0.068965517,92,238,2.22,3.37,46,51
581,0.068965517,92,238,2.22,3.37,46,51
582,0.048780488,60,144,2.06,3.25,32,9
583,0.048780488,60,144,2.06,3.25,32,9
584,0.048780488,60,144,2.06,3.25,32,9
585,0.04,48,112.4,1.61,3.8,6,-70
586,0.055555556,29,63.55,1.45,4.48,6.1,119
587,0.020408163,27,58.93,1.52,4.27,6.8,64
588,0.037037037,48,112.4,1.61,3.8,6,-70
589,0.0625,30,65.58,1.42,3.69,7.08,-60
590,0.046153846,92,238,2.22,3.37,46,51
591,0.046153846,92,238,2.22,3.37,46,51
592,0.071428571,92,238,2.22,3.37,46,51
593,0.071428571,92,238,2.22,3.37,46,51
594,0.03030303,29,63.55,1.45,4.48,6.1,119
595,0.02970297,30,65.58,1.42,3.69,7.08,-60
596,0.023809524,48,112.4,1.61,3.8,6,-70
597,0.034482759,48,112.4,1.61,3.8,6,-70
598,0.111111111,12,24.31,1.45,4.09,10.6,-40
599,0.111111111,25,54.94,1.61,3.47,8.6,-50
600,0.046511628,30,65.58,1.42,3.69,7.08,-60
601,0.046511628,48,112.4,1.61,3.8,6,-70
602,0.033707865,30,65.58,1.42,3.69,7.08,-60
603,0.015873016,30,65.58,1.42,3.69,7.08,-60
604,0.075471698,30,65.58,1.42,3.69,7.08,-60
605,0.075471698,30,65.58,1.42,3.69,7.08,-60
606,0.075471698,30,65.58,1.42,3.69,7.08,-60
607,0.027777778,28,58.69,1.49,4.4,6.5,112
608,0.058823529,30,65.58,1.42,3.69,7.08,-60
609,0.058823529,30,65.58,1.42,3.69,7.08,-60
610,0.058823529,30,65.58,1.42,3.69,7.08,-60
611,0.051948052,30,65.58,1.42,3.69,7.08,-60
612,0.021052632,30,65.58,1.42,3.69,7.08,-60
613,0.055555556,30,65.58,1.42,3.69,7.08,-60
614,0.032258065,49,114.8,1.56,3.04,4.5,37
615,0.016393443,30,65.58,1.42,3.69,7.08,-60
616,0.064516129,25,54.94,1.61,3.47,8.6,-50
617,0.058823529,48,112.4,1.61,3.8,6,-70
618,0.057142857,29,63.55,1.45,4.48,6.1,119
619,0.050847458,29,63.55,1.45,4.48,6.1,119
620,0.090225564,31,69.72,1.36,3.21,8.12,29
621,0.037037037,48,112.4,1.61,3.8,6,-70
622,0.046511628,30,65.58,1.42,3.69,7.08,-60
623,0.038461538,48,112.4,1.61,3.8,6,-70
624,0.048780488,70,173,2.22,3.12,22,-2
625,0.052631579,27,58.93,1.52,4.27,6.8,64
626,0.033707865,28,58.69,1.49,4.4,6.5,112
627,0.033707865,28,58.69,1.49,4.4,6.5,112
628,0.035714286,30,65.58,1.42,3.69,7.08,-60
629,0.028571429,19,39.1,2.43,2.42,43.4,48
630,0.033707865,29,63.55,1.45,4.48,6.1,119
631,0.033707865,29,63.55,1.45,4.48,6.1,119
632,0.03125,30,65.58,1.42,3.69,7.08,-60
633,0.03125,30,65.58,1.42,3.69,7.08,-60
634,0.03125,30,65.58,1.42,3.69,7.08,-60
635,0.03125,30,65.58,1.42,3.69,7.08,-60
636,0.03125,30,65.58,1.42,3.69,7.08,-60
637,0.03125,30,65.58,1.42,3.69,7.08,-60
638,0.020689655,29,63.55,1.45,4.48,6.1,119
639,0.050632911,29,63.55,1.45,4.48,6.1,119
640,0.0625,29,63.55,1.45,4.48,6.1,119
641,0.025974026,30,65.58,1.42,3.69,7.08,-60
642,0.027027027,29,63.55,1.45,4.48,6.1,119
643,0.029411765,49,114.8,1.56,3.04,4.5,37
644,0.047619048,48,112.4,1.61,3.8,6,-70
645,0.060606061,57,139,2.26,3.02,37,54
646,0.035714286,57,139,2.26,3.02,37,54
647,0.055555556,23,50.94,1.71,3.64,11.4,51
648,0.055555556,23,50.94,1.71,3.64,11.4,51
649,0.052631579,12,24.31,1.45,4.09,10.6,-40
650,0.111111111,25,54.94,1.61,3.47,8.6,-50
651,0.028571429,30,65.58,1.42,3.69,7.08,-60
652,0.028571429,30,65.58,1.42,3.69,7.08,-60
653,0.027777778,30,65.58,1.42,3.69,7.08,-60
654,0.028571429,30,65.58,1.42,3.69,7.08,-60
655,0.028571429,30,65.58,1.42,3.69,7.08,-60
656,0.028571429,30,65.58,1.42,3.69,7.08,-60
657,0.027272727,24,52,1.66,3.72,6.8,65
658,0.015384615,68,167,2.26,3.58,23,30
659,0.015384615,68,167,2.26,3.58,23,30
660,0.021276596,68,167,2.26,3.58,23,30
661,0.023255814,69,169,2.22,3.61,22,99
662,0.111111111,25,54.94,1.61,3.47,8.6,-50
663,0.111111111,25,54.94,1.61,3.47,8.6,-50
664,0.111111111,25,54.94,1.61,3.47,8.6,-50
665,0.111111111,25,54.94,1.61,3.47,8.6,-50
666,0.1,29,63.55,1.45,4.48,6.1,119
667,0.1,29,63.55,1.45,4.48,6.1,119
668,0.055555556,60,144,2.06,3.25,32,9
669,0.055555556,62,150.5,2.38,3.35,29,16
670,0.076923077,29,63.55,1.45,4.48,6.1,119
671,0.055555556,64,157,2.33,3.45,26,13
672,0.055555556,66,162.5,2.28,3.51,25,1
673,0.035714286,57,139,2.26,3.02,37,54
674,0.035714286,58,140,2.1,3.25,36,55
675,0.035714286,59,141,2.47,3.22,34,11
676,0.035714286,60,144,2.06,3.25,32,9
677,0.019607843,29,63.55,1.45,4.48,6.1,119
678,0.028301887,28,58.69,1.49,4.4,6.5,112
679,0.028301887,28,58.69,1.49,4.4,6.5,112
680,0.032258065,64,157,2.33,3.45,26,13
681,0.052631579,47,107.9,1.65,4.44,6.3,126
682,0.063829787,47,107.9,1.65,4.44,6.3,126
683,0.0625,68,167,2.26,3.58,23,30
684,0.111111111,25,54.94,1.61,3.47,8.6,-50
685,0.075471698,30,65.58,1.42,3.69,7.08,-60
686,0.061538462,30,65.58,1.42,3.69,7.08,-60
687,0.056338028,30,65.58,1.42,3.69,7.08,-60
688,0.011494253,66,162.5,2.28,3.51,25,1
689,0.076923077,20,40.08,1.94,3.07,25,2
690,0.027027027,30,65.58,1.42,3.69,7.08,-60
691,0.01754386,49,114.8,1.56,3.04,4.5,37
692,0.043478261,26,55.85,1.56,4.03,7.5,15
693,0.104477612,48,112.4,1.61,3.8,6,-70
694,0.009803922,48,112.4,1.61,3.8,6,-70
695,0.009803922,48,112.4,1.61,3.8,6,-70
696,0.009803922,48,112.4,1.61,3.8,6,-70
697,0.035460993,29,63.55,1.45,4.48,6.1,119
698,0.020408163,29,63.55,1.45,4.48,6.1,119
699,0.012195122,29,63.55,1.45,4.48,6.1,119
700,0.090909091,27,58.93,1.52,4.27,6.8,64
701,0.090909091,27,58.93,1.52,4.27,6.8,64
702,0.090909091,27,58.93,1.52,4.27,6.8,64
703,0.038461538,29,63.55,1.45,4.48,6.1,119
704,0.038461538,29,63.55,1.45,4.48,6.1,119
705,0.0625,29,63.55,1.45,4.48,6.1,119
706,0.0625,29,63.55,1.45,4.48,6.1,119
707,0.055555556,23,50.94,1.71,3.64,11.4,51
708,0.055555556,23,50.94,1.71,3.64,11.4,51
709,0.055555556,23,50.94,1.71,3.64,11.4,51
710,0.055555556,23,50.94,1.71,3.64,11.4,51
711,0.055555556,23,50.94,1.71,3.64,11.4,51
712,0.055555556,23,50.94,1.71,3.64,11.4,51
713,0.055555556,23,50.94,1.71,3.64,11.4,51
714,0.024390244,30,65.58,1.42,3.69,7.08,-60
715,0.034482759,30,65.58,1.42,3.69,7.08,-60
716,0.035087719,30,65.58,1.42,3.69,7.08,-60
717,0.015384615,27,58.93,1.52,4.27,6.8,64
718,0.022222222,30,65.58,1.42,3.69,7.08,-60
719,0.034090909,49,114.8,1.56,3.04,4.5,37
720,0.044776119,48,112.4,1.61,3.8,6,-70
721,0.045454545,29,63.55,1.45,4.48,6.1,119
722,0.037037037,30,65.58,1.42,3.69,7.08,-60
723,0.046153846,29,63.55,1.45,4.48,6.1,119
724,0.161290323,13,26.98,1.18,3.21,8.34,42
725,0.032258065,47,107.9,1.65,4.44,6.3,126
726,0.033707865,29,63.55,1.45,4.48,6.1,119
727,0.043478261,19,39.1,2.43,2.42,43.4,48
728,0.022900763,27,58.93,1.52,4.27,6.8,64
729,0.020408163,60,144,2.06,3.25,32,9
730,0.037037037,12,24.31,1.45,4.09,10.6,-40
731,0.048192771,29,63.55,1.45,4.48,6.1,119
732,0.064516129,29,63.55,1.45,4.48,6.1,119
733,0.053571429,30,65.58,1.42,3.69,7.08,-60
734,0.043478261,30,65.58,1.42,3.69,7.08,-60
735,0.111111111,25,54.94,1.61,3.47,8.6,-50
736,0.111111111,25,54.94,1.61,3.47,8.6,-50
737,0.13740458,74,183.84,1.93,4.4,11.1,79
738,0.052631579,39,88.91,2.12,3.26,22,30
739,0.125,93,237,2.22,3.37,45,46
740,0.2,48,112.4,1.61,3.8,6,-70
741,0.035714286,62,150.5,2.38,3.35,29,16
742,0.035714286,59,141,2.47,3.22,34,11
743,0.294117647,29,63.55,1.45,4.48,6.1,119
744,0.024096386,28,58.69,1.49,4.4,6.5,112
745,0.044776119,30,65.58,1.42,3.69,7.08,-60
746,0.03125,30,65.58,1.42,3.69,7.08,-60
747,0.03125,30,65.58,1.42,3.69,7.08,-60
748,0.0625,29,63.55,1.45,4.48,6.1,119
749,0.035714286,48,112.4,1.61,3.8,6,-70
750,0.016949153,48,112.4,1.61,3.8,6,-70
751,0.034482759,27,58.93,1.52,4.27,6.8,64
752,0.076923077,66,162.5,2.28,3.51,25,1
753,0.090909091,29,63.55,1.45,4.48,6.1,119
754,0.038461538,25,54.94,1.61,3.47,8.6,-50
755,0.033333333,20,40.08,1.94,3.07,25,2
756,0.033333333,20,40.08,1.94,3.07,25,2
757,0.033333333,20,40.08,1.94,3.07,25,2
758,0.0625,20,40.08,1.94,3.07,25,2
759,0.0625,20,40.08,1.94,3.07,25,2
760,0.0625,20,40.08,1.94,3.07,25,2
761,0.2,48,112.4,1.61,3.8,6,-70
762,0.027027027,30,65.58,1.42,3.69,7.08,-60
763,0.058823529,30,65.58,1.42,3.69,7.08,-60
764,0.058823529,30,65.58,1.42,3.69,7.08,-60
765,0.036363636,64,157,2.33,3.45,26,13
766,0.083333333,47,107.9,1.65,4.44,6.3,126
767,0.037037037,48,112.4,1.61,3.8,6,-70
768,0.037037037,48,112.4,1.61,3.8,6,-70
769,0.022222222,25,54.94,1.61,3.47,8.6,-50
770,0.05,59,141,2.47,3.22,34,11
771,0.038461538,48,112.4,1.61,3.8,6,-70
772,0.042553191,66,162.5,2.28,3.51,25,1
773,0.022556391,27,58.93,1.52,4.27,6.8,64
774,0.0625,57,139,2.26,3.02,37,54
775,0.027027027,30,65.58,1.42,3.69,7.08,-60
776,0.214285714,75,186.207,1.88,4.02,9.7,14
777,0.04379562,48,112.4,1.61,3.8,6,-70
778,0.04379562,30,65.58,1.42,3.69,7.08,-60
779,0.076923077,57,139,2.26,3.02,37,54
780,0.058823529,12,24.31,1.45,4.09,10.6,-40
781,0.037037037,12,24.31,1.45,4.09,10.6,-40
782,0.034482759,30,65.58,1.42,3.69,7.08,-60
783,0.023255814,69,169,2.22,3.61,22,99
784,0.04,69,169,2.22,3.61,22,99
785,0.04,69,169,2.22,3.61,22,99
786,0.01754386,30,65.58,1.42,3.69,7.08,-60
787,0.012345679,48,112.4,1.61,3.8,6,-70
788,0.012345679,30,65.58,1.42,3.69,7.08,-60
789,0.014084507,28,58.69,1.49,4.4,6.5,112
790,0.024390244,58,140,2.1,3.25,36,55
791,0.024390244,60,144,2.06,3.25,32,9
792,0.033057851,70,173,2.22,3.12,22,-2
793,0.033057851,39,88.91,2.12,3.26,22,30
794,0.045045045,27,58.93,1.52,4.27,6.8,64
795,0.047619048,64,157,2.33,3.45,26,13
796,0.047619048,66,162.5,2.28,3.51,25,1
797,0.083333333,11,22.99,1.9,2.84,23.6,53
798,0.033707865,29,63.55,1.45,4.48,6.1,119
799,0.033707865,29,63.55,1.45,4.48,6.1,119
800,0.033707865,29,63.55,1.45,4.48,6.1,119
801,0.033707865,29,63.55,1.45,4.48,6.1,119
802,0.03030303,25,54.94,1.61,3.47,8.6,-50
803,0.022727273,29,63.55,1.45,4.48,6.1,119
804,0.023809524,48,112.4,1.61,3.8,6,-70
805,0.033707865,29,63.55,1.45,4.48,6.1,119
806,0.04,70,173,2.22,3.12,22,-2
807,0.037735849,30,65.58,1.42,3.69,7.08,-60
808,0.095238095,48,112.4,1.61,3.8,6,-70
809,0.086956522,29,63.55,1.45,4.48,6.1,119
810,0.025,60,144,2.06,3.25,32,9
811,0.025,62,150.5,2.38,3.35,29,16
812,0.072463768,30,65.58,1.42,3.69,7.08,-60
813,0.031914894,47,107.9,1.65,4.44,6.3,126
814,0.031914894,47,107.9,1.65,4.44,6.3,126
815,0.031914894,47,107.9,1.65,4.44,6.3,126
816,0.037037037,29,63.55,1.45,4.48,6.1,119
817,0.04,39,88.91,2.12,3.26,22,30
818,0.04,39,88.91,2.12,3.26,22,30
819,0.04,39,88.91,2.12,3.26,22,30
820,0.04,39,88.91,2.12,3.26,22,30
821,0.04,39,88.91,2.12,3.26,22,30
822,0.04,39,88.91,2.12,3.26,22,30
823,0.04,39,88.91,2.12,3.26,22,30
824,0.04,62,150.5,2.38,3.35,29,16
825,0.04,64,157,2.33,3.45,26,13
826,0.05,39,88.91,2.12,3.26,22,30
827,0.058823529,48,112.4,1.61,3.8,6,-70
828,0.105263158,29,63.55,1.45,4.48,6.1,119
829,0.032258065,27,58.93,1.52,4.27,6.8,64
830,0.047619048,27,58.93,1.52,4.27,6.8,64
831,0.0625,29,63.55,1.45,4.48,6.1,119
832,0.052631579,39,88.91,2.12,3.26,22,30
833,0.052631579,66,162.5,2.28,3.51,25,1
834,0.052631579,66,162.5,2.28,3.51,25,1
835,0.052631579,68,167,2.26,3.58,23,30
836,0.052631579,68,167,2.26,3.58,23,30
837,0.052631579,70,173,2.22,3.12,22,-2
838,0.075471698,30,65.58,1.42,3.69,7.08,-60
839,0.075471698,30,65.58,1.42,3.69,7.08,-60
840,0.075471698,30,65.58,1.42,3.69,7.08,-60
841,0.075471698,30,65.58,1.42,3.69,7.08,-60
842,0.052631579,29,63.55,1.45,4.48,6.1,119
843,0.014492754,48,112.4,1.61,3.8,6,-70
844,0.025641026,66,162.5,2.28,3.51,25,1
845,0.035714286,29,63.55,1.45,4.48,6.1,119
846,0.0625,30,65.58,1.42,3.69,7.08,-60
847,0.0625,30,65.58,1.42,3.69,7.08,-60
848,0.2,48,112.4,1.61,3.8,6,-70
849,0.071428571,38,87.62,2.19,2.87,27.6,5
850,0.012820513,57,139,2.26,3.02,37,54
851,0.028985507,57,139,2.26,3.02,37,54
852,0.16,29,63.55,1.45,4.48,6.1,119
853,0.081081081,30,65.58,1.42,3.69,7.08,-60
854,0.081081081,30,65.58,1.42,3.69,7.08,-60
855,0.043478261,12,24.31,1.45,4.09,10.6,-40
856,0.043478261,12,24.31,1.45,4.09,10.6,-40
857,0.081081081,27,58.93,1.52,4.27,6.8,64
858,0.033707865,47,107.9,1.65,4.44,6.3,126
859,0.033333333,38,87.62,2.19,2.87,27.6,5
860,0.033333333,38,87.62,2.19,2.87,27.6,5
861,0.033333333,20,40.08,1.94,3.07,25,2
862,0.073170732,29,63.55,1.45,4.48,6.1,119
863,0.0125,30,65.58,1.42,3.69,7.08,-60
864,0.025,25,54.94,1.61,3.47,8.6,-50
865,0.041666667,29,63.55,1.45,4.48,6.1,119
866,0.03030303,30,65.58,1.42,3.69,7.08,-60
867,0.043478261,25,54.94,1.61,3.47,8.6,-50
868,0.043478261,25,54.94,1.61,3.47,8.6,-50
869,0.035294118,28,58.69,1.49,4.4,6.5,112
870,0.166666667,13,26.98,1.18,3.21,8.34,42
871,0.010869565,11,22.99,1.9,2.84,23.6,53
872,0.052631579,49,114.8,1.56,3.04,4.5,37
873,0.055555556,31,69.72,1.36,3.21,8.12,29
874,0.052631579,30,65.58,1.42,3.69,7.08,-60
875,0.093333333,30,65.58,1.42,3.69,7.08,-60
876,0.029411765,58,140,2.1,3.25,36,55
877,0.032258065,25,54.94,1.61,3.47,8.6,-50
878,0.032258065,25,54.94,1.61,3.47,8.6,-50
879,0.032258065,25,54.94,1.61,3.47,8.6,-50
880,0.032258065,25,54.94,1.61,3.47,8.6,-50
881,0.032258065,25,54.94,1.61,3.47,8.6,-50
882,0.032258065,25,54.94,1.61,3.47,8.6,-50
883,0.032258065,25,54.94,1.61,3.47,8.6,-50
884,0.05,26,55.85,1.56,4.03,7.5,15
885,0.01754386,25,54.94,1.61,3.47,8.6,-50
886,0.018181818,27,58.93,1.52,4.27,6.8,64
887,0.057142857,11,22.99,1.9,2.84,23.6,53
888,0.032258065,48,112.4,1.61,3.8,6,-70
889,0.206896552,74,183.84,1.93,4.4,11.1,79
890,0.206896552,74,183.84,1.93,4.4,11.1,79
891,0.214285714,74,183.84,1.93,4.4,11.1,79
892,0.04,30,65.58,1.42,3.69,7.08,-60
893,0.04,27,58.93,1.52,4.27,6.8,64
894,0.02,30,65.58,1.42,3.69,7.08,-60
895,0.035714286,25,54.94,1.61,3.47,8.6,-50
896,0.058823529,25,54.94,1.61,3.47,8.6,-50
897,0.058823529,25,54.94,1.61,3.47,8.6,-50
898,0.058823529,25,54.94,1.61,3.47,8.6,-50
899,0.035714286,25,54.94,1.61,3.47,8.6,-50
900,0.035714286,25,54.94,1.61,3.47,8.6,-50
901,0.035714286,25,54.94,1.61,3.47,8.6,-50
902,0.035714286,25,54.94,1.61,3.47,8.6,-50
903,0.043478261,30,65.58,1.42,3.69,7.08,-60
904,0.055555556,29,63.55,1.45,4.48,6.1,119
905,0.038461538,29,63.55,1.45,4.48,6.1,119
906,0.038461538,29,63.55,1.45,4.48,6.1,119
907,0.038461538,29,63.55,1.45,4.48,6.1,119
908,0.034482759,29,63.55,1.45,4.48,6.1,119
909,0.034482759,29,63.55,1.45,4.48,6.1,119
910,0.027777778,29,63.55,1.45,4.48,6.1,119
911,0.027777778,29,63.55,1.45,4.48,6.1,119
912,0.05,30,65.58,1.42,3.69,7.08,-60
913,0.058823529,25,54.94,1.61,3.47,8.6,-50
914,0.058823529,25,54.94,1.61,3.47,8.6,-50
915,0.018348624,25,54.94,1.61,3.47,8.6,-50
916,0.025,30,65.58,1.42,3.69,7.08,-60
917,0.04,22,47.87,1.76,3.45,13.6,7
918,0.052631579,71,175,2.17,2.88,20,23
919,0.051724138,29,63.55,1.45,4.48,6.1,119
920,0.037037037,30,65.58,1.42,3.69,7.08,-60
921,0.03030303,30,65.58,1.42,3.69,7.08,-60
922,0.022222222,30,65.58,1.42,3.69,7.08,-60
923,0.020408163,30,65.58,1.42,3.69,7.08,-60
924,0.06122449,30,65.58,1.42,3.69,7.08,-60
925,0.055555556,30,65.58,1.42,3.69,7.08,-60
926,0.049019608,25,54.94,1.61,3.47,8.6,-50
927,0.035714286,30,65.58,1.42,3.69,7.08,-60
928,0.035714286,30,65.58,1.42,3.69,7.08,-60
929,0.035714286,30,65.58,1.42,3.69,7.08,-60
930,0.03030303,48,112.4,1.61,3.8,6,-70
931,0.032258065,48,112.4,1.61,3.8,6,-70
932,0.076923077,69,169,2.22,3.61,22,99
933,0.052631579,62,150.5,2.38,3.35,29,16
934,0.111111111,12,24.31,1.45,4.09,10.6,-40
935,0.111111111,12,24.31,1.45,4.09,10.6,-40
936,0.075471698,30,65.58,1.42,3.69,7.08,-60
937,0.075471698,30,65.58,1.42,3.69,7.08,-60
938,0.075471698,30,65.58,1.42,3.69,7.08,-60
939,0.036144578,25,54.94,1.61,3.47,8.6,-50
940,0.020408163,48,112.4,1.61,3.8,6,-70
941,0.017241379,30,65.58,1.42,3.69,7.08,-60
942,0.011764706,57,139,2.26,3.02,37,54
943,0.020833333,59,141,2.47,3.22,34,11
944,0.011764706,62,150.5,2.38,3.35,29,16
945,0.011111111,66,162.5,2.28,3.51,25,1
946,0.0625,31,69.72,1.36,3.21,8.12,29
947,0.055555556,23,50.94,1.71,3.64,11.4,51
948,0.081081081,26,55.85,1.56,4.03,7.5,15
949,0.04109589,26,55.85,1.56,4.03,7.5,15
950,0.037037037,30,65.58,1.42,3.69,7.08,-60
951,0.055555556,24,52,1.66,3.72,6.8,65
952,0.055555556,24,52,1.66,3.72,6.8,65
953,0.0625,68,167,2.26,3.58,23,30
954,0.035714286,30,65.58,1.42,3.69,7.08,-60
955,0.055555556,29,63.55,1.45,4.48,6.1,119
956,0.058823529,29,63.55,1.45,4.48,6.1,119
957,0.176470588,48,112.4,1.61,3.8,6,-70
958,0.096774194,48,112.4,1.61,3.8,6,-70
959,0.096774194,48,112.4,1.61,3.8,6,-70
960,0.037037037,30,65.58,1.42,3.69,7.08,-60
961,0.076923077,30,65.58,1.42,3.69,7.08,-60
962,0.058823529,82,207,1.54,3.89,3.7,34
963,0.155555556,47,107.9,1.65,4.44,6.3,126
964,0.06,27,58.93,1.52,4.27,6.8,64
965,0.111111111,3,6.941,1.67,3.01,24.3,60
966,0.044776119,27,58.93,1.52,4.27,6.8,64
967,0.033898305,29,63.55,1.45,4.48,6.1,119
968,0.03125,27,58.93,1.52,4.27,6.8,64
969,0.02173913,30,65.58,1.42,3.69,7.08,-60
970,0.037037037,29,63.55,1.45,4.48,6.1,119
971,0.037037037,29,63.55,1.45,4.48,6.1,119
972,0.026315789,48,112.4,1.61,3.8,6,-70
973,0.1,30,65.58,1.42,3.69,7.08,-60
974,0.029411765,57,139,2.26,3.02,37,54
975,0.045454545,29,63.55,1.45,4.48,6.1,119
976,0.036144578,29,63.55,1.45,4.48,6.1,119
977,0.036144578,29,63.55,1.45,4.48,6.1,119
978,0.052631579,71,175,2.17,2.88,20,23
979,0.016129032,48,112.4,1.61,3.8,6,-70
980,0.016393443,30,65.58,1.42,3.69,7.08,-60
981,0.016393443,30,65.58,1.42,3.69,7.08,-60
982,0.016393443,30,65.58,1.42,3.69,7.08,-60
983,0.016393443,30,65.58,1.42,3.69,7.08,-60
984,0.0625,25,54.94,1.61,3.47,8.6,-50
985,0.058823529,26,55.85,1.56,4.03,7.5,15
986,0.047619048,30,65.58,1.42,3.69,7.08,-60
987,0.0625,12,24.31,1.45,4.09,10.6,-40
988,0.0625,12,24.31,1.45,4.09,10.6,-40
989,0.05,29,63.55,1.45,4.48,6.1,119
990,0.052631579,39,88.91,2.12,3.26,22,30
991,0.052631579,39,88.91,2.12,3.26,22,30
992,0.054054054,27,58.93,1.52,4.27,6.8,64
993,0.019607843,27,58.93,1.52,4.27,6.8,64
994,0.071428571,30,65.58,1.42,3.69,7.08,-60
995,0.02,56,137.3,2.53,2.68,39.7,14
996,0.051724138,92,238,2.22,3.37,46,51
997,0.05,48,112.4,1.61,3.8,6,-70
998,0.015873016,27,58.93,1.52,4.27,6.8,64
999,0.151898734,47,107.9,1.65,4.44,6.3,126
1000,0.111111111,12,24.31,1.45,4.09,10.6,-40
1001,0.111111111,12,24.31,1.45,4.09,10.6,-40
1002,0.111111111,12,24.31,1.45,4.09,10.6,-40
1003,0.04,29,63.55,1.45,4.48,6.1,119
1004,0.041666667,49,114.8,1.56,3.04,4.5,37
1005,0.022222222,49,114.8,1.56,3.04,4.5,37
1006,0.027027027,62,150.5,2.38,3.35,29,16
1007,0.021276596,25,54.94,1.61,3.47,8.6,-50
1008,0.021126761,27,58.93,1.52,4.27,6.8,64
1009,0.021126761,28,58.69,1.49,4.4,6.5,112
1010,0.043478261,29,63.55,1.45,4.48,6.1,119
1011,0.176470588,25,54.94,1.61,3.47,8.6,-50
1012,0.021276596,30,65.58,1.42,3.69,7.08,-60
1013,0.021276596,30,65.58,1.42,3.69,7.08,-60
1014,0.032258065,30,65.58,1.42,3.69,7.08,-60
1015,0.037037037,29,63.55,1.45,4.48,6.1,119
1016,0.037037037,29,63.55,1.45,4.48,6.1,119
1017,0.034482759,29,63.55,1.45,4.48,6.1,119
1018,0.035714286,48,112.4,1.61,3.8,6,-70
1019,0.052631579,27,58.93,1.52,4.27,6.8,64
1020,0.04,68,167,2.26,3.58,23,30
1021,0.03030303,29,63.55,1.45,4.48,6.1,119
1022,0.023255814,27,58.93,1.52,4.27,6.8,64
1023,0.05,48,112.4,1.61,3.8,6,-70
1024,0.041666667,29,63.55,1.45,4.48,6.1,119
1025,0.041666667,29,63.55,1.45,4.48,6.1,119
1026,0.081081081,27,58.93,1.52,4.27,6.8,64
1027,0.071428571,27,58.93,1.52,4.27,6.8,64
1028,0.071428571,27,58.93,1.52,4.27,6.8,64
1029,0.063829787,64,157,2.33,3.45,26,13
1030,0.028571429,56,137.3,2.53,2.68,39.7,14
1031,0.111111111,28,58.69,1.49,4.4,6.5,112
1032,0.05,23,50.94,1.71,3.64,11.4,51
1033,0.052631579,68,167,2.26,3.58,23,30
1034,0.052631579,66,162.5,2.28,3.51,25,1
1035,0.052631579,67,165,2.26,3.55,23,33
1036,0.052631579,69,169,2.22,3.61,22,99
1037,0.052631579,70,173,2.22,3.12,22,-2
1038,0.111111111,26,55.85,1.56,4.03,7.5,15
1039,0.111111111,26,55.85,1.56,4.03,7.5,15
1040,0.111111111,26,55.85,1.56,4.03,7.5,15
1041,0.111111111,26,55.85,1.56,4.03,7.5,15
1042,0.111111111,26,55.85,1.56,4.03,7.5,15
1043,0.111111111,26,55.85,1.56,4.03,7.5,15
1044,0.036144578,29,63.55,1.45,4.48,6.1,119
1045,0.050847458,29,63.55,1.45,4.48,6.1,119
1046,0.01369863,58,140,2.1,3.25,36,55
1047,0.111111111,26,55.85,1.56,4.03,7.5,15
1048,0.111111111,26,55.85,1.56,4.03,7.5,15
1049,0.111111111,26,55.85,1.56,4.03,7.5,15
1050,0.111111111,26,55.85,1.56,4.03,7.5,15
1051,0.111111111,26,55.85,1.56,4.03,7.5,15
1052,0.111111111,26,55.85,1.56,4.03,7.5,15
1053,0.111111111,26,55.85,1.56,4.03,7.5,15
1054,0.111111111,26,55.85,1.56,4.03,7.5,15
1055,0.111111111,26,55.85,1.56,4.03,7.5,15
1056,0.111111111,26,55.85,1.56,4.03,7.5,15
1057,0.111111111,26,55.85,1.56,4.03,7.5,15
1058,0.111111111,26,55.85,1.56,4.03,7.5,15
1059,0.2,48,112.4,1.61,3.8,6,-70
1060,0.058823529,12,24.31,1.45,4.09,10.6,-40
1061,0.058823529,20,40.08,1.94,3.07,25,2
1062,0.058823529,38,87.62,2.19,2.87,27.6,5
1063,0.058823529,38,87.62,2.19,2.87,27.6,5
1064,0.058823529,38,87.62,2.19,2.87,27.6,5
1065,0.058823529,38,87.62,2.19,2.87,27.6,5
1066,0.058823529,38,87.62,2.19,2.87,27.6,5
1067,0.034482759,30,65.58,1.42,3.69,7.08,-60
1068,0.111111111,82,207,1.54,3.89,3.7,34
1069,0.048780488,68,167,2.26,3.58,23,30
1070,0.052631579,30,65.58,1.42,3.69,7.08,-60
1071,0.076923077,30,65.58,1.42,3.69,7.08,-60
1072,0.058823529,29,63.55,1.45,4.48,6.1,119
1073,0.058823529,29,63.55,1.45,4.48,6.1,119
1074,0.037037037,57,139,2.26,3.02,37,54
1075,0.036144578,30,65.58,1.42,3.69,7.08,-60
1076,0.02,28,58.69,1.49,4.4,6.5,112
1077,0.025,47,107.9,1.65,4.44,6.3,126
1078,0.052631579,60,144,2.06,3.25,32,9
1079,0.036144578,29,63.55,1.45,4.48,6.1,119
1080,0.027777778,30,65.58,1.42,3.69,7.08,-60
1081,0.052631579,30,65.58,1.42,3.69,7.08,-60
1082,0.090909091,27,58.93,1.52,4.27,6.8,64
1083,0.054054054,23,50.94,1.71,3.64,11.4,51
1084,0.015625,30,65.58,1.42,3.69,7.08,-60
1085,0.035714286,60,144,2.06,3.25,32,9
1086,0.035714286,60,144,2.06,3.25,32,9
1087,0.08,23,50.94,1.71,3.64,11.4,51
1088,0.036144578,30,65.58,1.42,3.69,7.08,-60
1089,0.036363636,30,65.58,1.42,3.69,7.08,-60
1090,0.027027027,30,65.58,1.42,3.69,7.08,-60
1091,0.043478261,30,65.58,1.42,3.69,7.08,-60
1092,0.052631579,48,112.4,1.61,3.8,6,-70
1093,0.045045045,30,65.58,1.42,3.69,7.08,-60
1094,0.058823529,72,178.5,2.08,3.21,15,17
1095,0.058823529,72,178.5,2.08,3.21,15,17
1096,0.037037037,48,112.4,1.61,3.8,6,-70
1097,0.043478261,30,65.58,1.42,3.69,7.08,-60
1098,0.033707865,29,63.55,1.45,4.48,6.1,119
1099,0.033707865,29,63.55,1.45,4.48,6.1,119
1100,0.058823529,48,112.4,1.61,3.8,6,-70
1101,0.028571429,25,54.94,1.61,3.47,8.6,-50
1102,0.017241379,48,112.4,1.61,3.8,6,-70
1103,0.058823529,30,65.58,1.42,3.69,7.08,-60
1104,0.048780488,30,65.58,1.42,3.69,7.08,-60
1105,0.048780488,30,65.58,1.42,3.69,7.08,-60
1106,0.048780488,30,65.58,1.42,3.69,7.08,-60
1107,0.023255814,48,112.4,1.61,3.8,6,-70
1108,0.023255814,48,112.4,1.61,3.8,6,-70
1109,0.043478261,30,65.58,1.42,3.69,7.08,-60
1110,0.095238095,29,63.55,1.45,4.48,6.1,119
1111,0.057692308,21,44.96,1.84,3.37,16.9,18
1112,0.025641026,30,65.58,1.42,3.69,7.08,-60
1113,0.063829787,25,54.94,1.61,3.47,8.6,-50
1114,0.111111111,48,112.4,1.61,3.8,6,-70
1115,0.009345794,48,112.4,1.61,3.8,6,-70
1116,0.009345794,48,112.4,1.61,3.8,6,-70
1117,0.009803922,48,112.4,1.61,3.8,6,-70
1118,0.009345794,48,112.4,1.61,3.8,6,-70
1119,0.009345794,48,112.4,1.61,3.8,6,-70
1120,0.009345794,48,112.4,1.61,3.8,6,-70
1121,0.009345794,48,112.4,1.61,3.8,6,-70
1122,0.009345794,48,112.4,1.61,3.8,6,-70
1123,0.009345794,48,112.4,1.61,3.8,6,-70
1124,0.009345794,48,112.4,1.61,3.8,6,-70
1125,0.009345794,48,112.4,1.61,3.8,6,-70
1126,0.009803922,48,112.4,1.61,3.8,6,-70
1127,0.009803922,48,112.4,1.61,3.8,6,-70
1128,0.009803922,48,112.4,1.61,3.8,6,-70
1129,0.009803922,48,112.4,1.61,3.8,6,-70
1130,0.009803922,48,112.4,1.61,3.8,6,-70
1131,0.009345794,48,112.4,1.61,3.8,6,-70
1132,0.009345794,48,112.4,1.61,3.8,6,-70
1133,0.009345794,48,112.4,1.61,3.8,6,-70
1134,0.022222222,29,63.55,1.45,4.48,6.1,119
1135,0.038461538,29,63.55,1.45,4.48,6.1,119
1136,0.052631579,29,63.55,1.45,4.48,6.1,119
1137,0.027027027,29,63.55,1.45,4.48,6.1,119
1138,0.037037037,27,58.93,1.52,4.27,6.8,64
1139,0.04,27,58.93,1.52,4.27,6.8,64
1140,0.03125,29,63.55,1.45,4.48,6.1,119
1141,0.034482759,70,173,2.22,3.12,22,-2
1142,0.058823529,20,40.08,1.94,3.07,25,2
1143,0.052631579,20,40.08,1.94,3.07,25,2
1144,0.052631579,20,40.08,1.94,3.07,25,2
1145,0.020408163,30,65.58,1.42,3.69,7.08,-60
1146,0.071428571,47,107.9,1.65,4.44,6.3,126
1147,0.071428571,47,107.9,1.65,4.44,6.3,126
1148,0.071428571,47,107.9,1.65,4.44,6.3,126
1149,0.071428571,47,107.9,1.65,4.44,6.3,126
1150,0.019607843,57,139,2.26,3.02,37,54
1151,0.037037037,30,65.58,1.42,3.69,7.08,-60
1152,0.02970297,28,58.69,1.49,4.4,6.5,112
1153,0.051282051,30,65.58,1.42,3.69,7.08,-60
1154,0.12371134,74,183.84,1.93,4.4,11.1,79
1155,0.058823529,27,58.93,1.52,4.27,6.8,64
1156,0.058823529,92,238,2.22,3.37,46,51
1157,0.01754386,29,63.55,1.45,4.48,6.1,119
1158,0.020408163,30,65.58,1.42,3.69,7.08,-60
1159,0.043478261,25,54.94,1.61,3.47,8.6,-50
1160,0.03030303,59,141,2.47,3.22,34,11
1161,0.037974684,48,112.4,1.61,3.8,6,-70
1162,0.03030303,68,167,2.26,3.58,23,30
1163,0.021276596,30,65.58,1.42,3.69,7.08,-60
1164,0.023255814,30,65.58,1.42,3.69,7.08,-60
1165,0.033707865,28,58.69,1.49,4.4,6.5,112
1166,0.016393443,48,112.4,1.61,3.8,6,-70
1167,0.033333333,48,112.4,1.61,3.8,6,-70
1168,0.052631579,20,40.08,1.94,3.07,25,2
1169,0.052631579,20,40.08,1.94,3.07,25,2
1170,0.028571429,28,58.69,1.49,4.4,6.5,112
1171,0.036363636,29,63.55,1.45,4.48,6.1,119
1172,0.035714286,29,63.55,1.45,4.48,6.1,119
1173,0.090909091,30,65.58,1.42,3.69,7.08,-60
1174,0.083333333,27,58.93,1.52,4.27,6.8,64
1175,0.083333333,27,58.93,1.52,4.27,6.8,64
1176,0.04,48,112.4,1.61,3.8,6,-70
1177,0.041666667,47,107.9,1.65,4.44,6.3,126
1178,0.038461538,29,63.55,1.45,4.48,6.1,119
1179,0.027027027,62,150.5,2.38,3.35,29,16
1180,0.027027027,62,150.5,2.38,3.35,29,16
1181,0.027027027,64,157,2.33,3.45,26,13
1182,0.027027027,64,157,2.33,3.45,26,13
1183,0.045454545,30,65.58,1.42,3.69,7.08,-60
1184,0.045454545,30,65.58,1.42,3.69,7.08,-60
1185,0.045454545,30,65.58,1.42,3.69,7.08,-60
1186,0.045454545,30,65.58,1.42,3.69,7.08,-60
1187,0.045454545,30,65.58,1.42,3.69,7.08,-60
1188,0.045454545,30,65.58,1.42,3.69,7.08,-60
1189,0.138888889,31,69.72,1.36,3.21,8.12,29
1190,0.081632653,48,112.4,1.61,3.8,6,-70
1191,0.042253521,30,65.58,1.42,3.69,7.08,-60
1192,0.048780488,30,65.58,1.42,3.69,7.08,-60
1193,0.04,28,58.69,1.49,4.4,6.5,112
1194,0.055555556,23,50.94,1.71,3.64,11.4,51
1195,0.055555556,23,50.94,1.71,3.64,11.4,51
1196,0.055555556,23,50.94,1.71,3.64,11.4,51
1197,0.042553191,11,22.99,1.9,2.84,23.6,53
1198,0.043478261,25,54.94,1.61,3.47,8.6,-50
1199,0.04,28,58.69,1.49,4.4,6.5,112
1200,0.054545455,92,238,2.22,3.37,46,51
1201,0.085106383,30,65.58,1.42,3.69,7.08,-60
1202,0.085106383,30,65.58,1.42,3.69,7.08,-60
1203,0.075471698,30,65.58,1.42,3.69,7.08,-60
1204,0.075471698,30,65.58,1.42,3.69,7.08,-60
1205,0.075471698,30,65.58,1.42,3.69,7.08,-60
1206,0.022727273,28,58.69,1.49,4.4,6.5,112
1207,0.09375,29,63.55,1.45,4.48,6.1,119
1208,0.017241379,28,58.69,1.49,4.4,6.5,112
1209,0.017241379,28,58.69,1.49,4.4,6.5,112
1210,0.017241379,28,58.69,1.49,4.4,6.5,112
1211,0.036144578,30,65.58,1.42,3.69,7.08,-60
1212,0.036144578,30,65.58,1.42,3.69,7.08,-60
1213,0.036144578,30,65.58,1.42,3.69,7.08,-60
1214,0.021276596,25,54.94,1.61,3.47,8.6,-50
1215,0.029411765,30,65.58,1.42,3.69,7.08,-60
1216,0.025,57,139,2.26,3.02,37,54
1217,0.022222222,30,65.58,1.42,3.69,7.08,-60
1218,0.025,58,140,2.1,3.25,36,55
1219,0.018181818,30,65.58,1.42,3.69,7.08,-60
1220,0.018181818,30,65.58,1.42,3.69,7.08,-60
1221,0.2,48,112.4,1.61,3.8,6,-70
1222,0.0625,39,88.91,2.12,3.26,22,30
1223,0.0625,71,175,2.17,2.88,20,23
1224,0.019607843,30,65.58,1.42,3.69,7.08,-60
1225,0.071428571,48,112.4,1.61,3.8,6,-70
1226,0.071428571,25,54.94,1.61,3.47,8.6,-50
1227,0.027777778,30,65.58,1.42,3.69,7.08,-60
1228,0.027777778,30,65.58,1.42,3.69,7.08,-60
1229,0.028169014,30,65.58,1.42,3.69,7.08,-60
1230,0.028169014,30,65.58,1.42,3.69,7.08,-60
1231,0.058823529,30,65.58,1.42,3.69,7.08,-60
1232,0.025641026,30,65.58,1.42,3.69,7.08,-60
1233,0.025641026,30,65.58,1.42,3.69,7.08,-60
1234,0.055555556,30,65.58,1.42,3.69,7.08,-60
1235,0.041666667,50,118.7,1.45,4.23,4.4,107
1236,0.055555556,24,52,1.66,3.72,6.8,65
1237,0.043478261,12,24.31,1.45,4.09,10.6,-40
1238,0.043478261,12,24.31,1.45,4.09,10.6,-40
1239,0.043478261,30,65.58,1.42,3.69,7.08,-60
1240,0.027027027,30,65.58,1.42,3.69,7.08,-60
1241,0.027777778,48,112.4,1.61,3.8,6,-70
1242,0.130434783,27,58.93,1.52,4.27,6.8,64
1243,0.027777778,30,65.58,1.42,3.69,7.08,-60
1244,0.01754386,27,58.93,1.52,4.27,6.8,64
1245,0.032258065,30,65.58,1.42,3.69,7.08,-60
1246,0.047619048,29,63.55,1.45,4.48,6.1,119
1247,0.029850746,27,58.93,1.52,4.27,6.8,64
1248,0.025641026,28,58.69,1.49,4.4,6.5,112
1249,0.045454545,29,63.55,1.45,4.48,6.1,119
1250,0.027027027,64,157,2.33,3.45,26,13
1251,0.051282051,29,63.55,1.45,4.48,6.1,119
1252,0.05,30,65.58,1.42,3.69,7.08,-60
1253,0.214285714,75,186.207,1.88,4.02,9.7,14
1254,0.083333333,27,58.93,1.52,4.27,6.8,64
1255,0.035714286,59,141,2.47,3.22,34,11
1256,0.015267176,28,58.69,1.49,4.4,6.5,112
1257,0.04,57,139,2.26,3.02,37,54
1258,0.04,58,140,2.1,3.25,36,55
1259,0.047619048,29,63.55,1.45,4.48,6.1,119
1260,0.04,30,65.58,1.42,3.69,7.08,-60
1261,0.102040816,30,65.58,1.42,3.69,7.08,-60
1262,0.033333333,30,65.58,1.42,3.69,7.08,-60
1263,0.052631579,13,26.98,1.18,3.21,8.34,42
1264,0.035714286,30,65.58,1.42,3.69,7.08,-60
1265,0.045454545,11,22.99,1.9,2.84,23.6,53
1266,0.066666667,48,112.4,1.61,3.8,6,-70
1267,0.021978022,48,112.4,1.61,3.8,6,-70
1268,0.052631579,30,65.58,1.42,3.69,7.08,-60
1269,0.022222222,48,112.4,1.61,3.8,6,-70
1270,0.023255814,30,65.58,1.42,3.69,7.08,-60
1271,0.018518519,30,65.58,1.42,3.69,7.08,-60
1272,0.102040816,27,58.93,1.52,4.27,6.8,64
1273,0.032258065,48,112.4,1.61,3.8,6,-70
1274,0.027027027,48,112.4,1.61,3.8,6,-70
1275,0.04,27,58.93,1.52,4.27,6.8,64
1276,0.04,30,65.58,1.42,3.69,7.08,-60
1277,0.055555556,30,65.58,1.42,3.69,7.08,-60
1278,0.071428571,30,65.58,1.42,3.69,7.08,-60
1279,0.081632653,30,65.58,1.42,3.69,7.08,-60
1280,0.076923077,62,150.5,2.38,3.35,29,16
1281,0.111111111,26,55.85,1.56,4.03,7.5,15
1282,0.111111111,26,55.85,1.56,4.03,7.5,15
1283,0.111111111,26,55.85,1.56,4.03,7.5,15
1284,0.111111111,30,65.58,1.42,3.69,7.08,-60
1285,0.048780488,66,162.5,2.28,3.51,25,1
1286,0.111111111,27,58.93,1.52,4.27,6.8,64
1287,0.111111111,27,58.93,1.52,4.27,6.8,64
1288,0.111111111,27,58.93,1.52,4.27,6.8,64
1289,0.045454545,12,24.31,1.45,4.09,10.6,-40
1290,0.017241379,30,65.58,1.42,3.69,7.08,-60
1291,0.03030303,25,54.94,1.61,3.47,8.6,-50
1292,0.025641026,27,58.93,1.52,4.27,6.8,64
1293,0.090909091,29,63.55,1.45,4.48,6.1,119
1294,0.078947368,27,58.93,1.52,4.27,6.8,64
1295,0.043478261,29,63.55,1.45,4.48,6.1,119
1296,0.043478261,29,63.55,1.45,4.48,6.1,119
1297,0.081967213,30,65.58,1.42,3.69,7.08,-60
1298,0.090909091,30,65.58,1.42,3.69,7.08,-60
1299,0.03125,19,39.1,2.43,2.42,43.4,48
1300,0.033898305,30,65.58,1.42,3.69,7.08,-60
1301,0.033898305,30,65.58,1.42,3.69,7.08,-60
1302,0.130434783,27,58.93,1.52,4.27,6.8,64
1303,0.130434783,27,58.93,1.52,4.27,6.8,64
1304,0.088235294,30,65.58,1.42,3.69,7.08,-60
1305,0.076923077,30,65.58,1.42,3.69,7.08,-60
1306,0.034482759,27,58.93,1.52,4.27,6.8,64
1307,0.029411765,27,58.93,1.52,4.27,6.8,64
1308,0.111111111,12,24.31,1.45,4.09,10.6,-40
1309,0.028571429,30,65.58,1.42,3.69,7.08,-60
1310,0.02173913,48,112.4,1.61,3.8,6,-70
1311,0.02739726,28,58.69,1.49,4.4,6.5,112
1312,0.030927835,30,65.58,1.42,3.69,7.08,-60
1313,0.021276596,30,65.58,1.42,3.69,7.08,-60
1314,0.035294118,30,65.58,1.42,3.69,7.08,-60
1315,0.027777778,27,58.93,1.52,4.27,6.8,64
1316,0.052631579,28,58.69,1.49,4.4,6.5,112
1317,0.052631579,27,58.93,1.52,4.27,6.8,64
1318,0.06557377,29,63.55,1.45,4.48,6.1,119
1319,0.081081081,27,58.93,1.52,4.27,6.8,64
1320,0.076923077,30,65.58,1.42,3.69,7.08,-60
1321,0.12,27,58.93,1.52,4.27,6.8,64
1322,0.081081081,27,58.93,1.52,4.27,6.8,64
1323,0.058823529,30,65.58,1.42,3.69,7.08,-60
1324,0.034482759,48,112.4,1.61,3.8,6,-70
1325,0.021505376,48,112.4,1.61,3.8,6,-70
1326,0.022222222,25,54.94,1.61,3.47,8.6,-50
1327,0.068965517,28,58.69,1.49,4.4,6.5,112
1328,0.050847458,29,63.55,1.45,4.48,6.1,119
1329,0.2,48,112.4,1.61,3.8,6,-70
1330,0.025974026,78,195.08,1.77,5.6,6.5,205
1331,0.028169014,30,65.58,1.42,3.69,7.08,-60
1332,0.05,26,55.85,1.56,4.03,7.5,15
1333,0.055555556,29,63.55,1.45,4.48,6.1,119
1334,0.043478261,30,65.58,1.42,3.69,7.08,-60
1335,0.033333333,57,139,2.26,3.02,37,54
1336,0.033333333,57,139,2.26,3.02,37,54
1337,0.03030303,57,139,2.26,3.02,37,54
1338,0.03030303,57,139,2.26,3.02,37,54
1339,0.033333333,57,139,2.26,3.02,37,54
1340,0.052631579,13,26.98,1.18,3.21,8.34,42
1341,0.052631579,13,26.98,1.18,3.21,8.34,42
1342,0.052631579,13,26.98,1.18,3.21,8.34,42
1343,0.052631579,60,144,2.06,3.25,32,9
1344,0.052631579,70,173,2.22,3.12,22,-2
1345,0.052631579,60,144,2.06,3.25,32,9
1346,0.055555556,26,55.85,1.56,4.03,7.5,15
1347,0.055555556,26,55.85,1.56,4.03,7.5,15
1348,0.009345794,48,112.4,1.61,3.8,6,-70
1349,0.009803922,48,112.4,1.61,3.8,6,-70
1350,0.009803922,48,112.4,1.61,3.8,6,-70
1351,0.075471698,30,65.58,1.42,3.69,7.08,-60
1352,0.075471698,30,65.58,1.42,3.69,7.08,-60
1353,0.075471698,30,65.58,1.42,3.69,7.08,-60
1354,0.071428571,30,65.58,1.42,3.69,7.08,-60
1355,0.071428571,30,65.58,1.42,3.69,7.08,-60
1356,0.034482759,48,112.4,1.61,3.8,6,-70
1357,0.034482759,48,112.4,1.61,3.8,6,-70
1358,0.034482759,48,112.4,1.61,3.8,6,-70
1359,0.034482759,48,112.4,1.61,3.8,6,-70
1360,0.025,67,165,2.26,3.55,23,33
1361,0.025,68,167,2.26,3.58,23,30
1362,0.025,39,88.91,2.12,3.26,22,30
1363,0.032258065,30,65.58,1.42,3.69,7.08,-60
1364,0.058823529,30,65.58,1.42,3.69,7.08,-60
1365,0.04494382,29,63.55,1.45,4.48,6.1,119
1366,0.04494382,29,63.55,1.45,4.48,6.1,119
1367,0.04494382,29,63.55,1.45,4.48,6.1,119
1368,0.071428571,30,65.58,1.42,3.69,7.08,-60
1369,0.017751479,48,112.4,1.61,3.8,6,-70
1370,0.052631579,67,165,2.26,3.55,23,33
1371,0.052631579,68,167,2.26,3.58,23,30
1372,0.052631579,70,173,2.22,3.12,22,-2
1373,0.052631579,39,88.91,2.12,3.26,22,30
1374,0.02739726,27,58.93,1.52,4.27,6.8,64
1375,0.1,30,65.58,1.42,3.69,7.08,-60
1376,0.1,30,65.58,1.42,3.69,7.08,-60
1377,0.1,30,65.58,1.42,3.69,7.08,-60
1378,0.038461538,27,58.93,1.52,4.27,6.8,64
1379,0.025641026,25,54.94,1.61,3.47,8.6,-50
1380,0.042553191,68,167,2.26,3.58,23,30
1381,0.042553191,39,88.91,2.12,3.26,22,30
1382,0.042553191,68,167,2.26,3.58,23,30
1383,0.042553191,39,88.91,2.12,3.26,22,30
1384,0.055555556,26,55.85,1.56,4.03,7.5,15
1385,0.055555556,26,55.85,1.56,4.03,7.5,15
1386,0.024793388,30,65.58,1.42,3.69,7.08,-60
1387,0.034482759,38,87.62,2.19,2.87,27.6,5
1388,0.026315789,38,87.62,2.19,2.87,27.6,5
1389,0.086956522,47,107.9,1.65,4.44,6.3,126
1390,0.043478261,29,63.55,1.45,4.48,6.1,119
1391,0.05,48,112.4,1.61,3.8,6,-70
1392,0.03030303,48,112.4,1.61,3.8,6,-70
1393,0.04,27,58.93,1.52,4.27,6.8,64
1394,0.035714286,59,141,2.47,3.22,34,11
1395,0.076923077,29,63.55,1.45,4.48,6.1,119
1396,0.076923077,29,63.55,1.45,4.48,6.1,119
1397,0.076923077,29,63.55,1.45,4.48,6.1,119
1398,0.016666667,48,112.4,1.61,3.8,6,-70
1399,0.027777778,48,112.4,1.61,3.8,6,-70
1400,0.028571429,37,85.47,2.65,2.33,47.3,47
1401,0.076923077,29,63.55,1.45,4.48,6.1,119
1402,0.023255814,29,63.55,1.45,4.48,6.1,119
1403,0.043478261,29,63.55,1.45,4.48,6.1,119
1404,0.036363636,29,63.55,1.45,4.48,6.1,119
1405,0.03030303,60,144,2.06,3.25,32,9
1406,0.04,70,173,2.22,3.12,22,-2
1407,0.04,66,162.5,2.28,3.51,25,1
1408,0.04,67,165,2.26,3.55,23,33
1409,0.04,67,165,2.26,3.55,23,33
1410,0.04,28,58.69,1.49,4.4,6.5,112
1411,0.047619048,30,65.58,1.42,3.69,7.08,-60
1412,0.016806723,28,58.69,1.49,4.4,6.5,112
1413,0.057142857,23,50.94,1.71,3.64,11.4,51
1414,0.037037037,47,107.9,1.65,4.44,6.3,126
1415,0.25,29,63.55,1.45,4.48,6.1,119
1416,0.017857143,70,173,2.22,3.12,22,-2
1417,0.017857143,70,173,2.22,3.12,22,-2
1418,0.045454545,48,112.4,1.61,3.8,6,-70
1419,0.058823529,27,58.93,1.52,4.27,6.8,64
1420,0.058823529,28,58.69,1.49,4.4,6.5,112
1421,0.058823529,29,63.55,1.45,4.48,6.1,119
1422,0.058823529,48,112.4,1.61,3.8,6,-70
1423,0.051282051,30,65.58,1.42,3.69,7.08,-60
1424,0.055555556,30,65.58,1.42,3.69,7.08,-60
1425,0.052631579,30,65.58,1.42,3.69,7.08,-60
1426,0.076923077,20,40.08,1.94,3.07,25,2
1427,0.050847458,20,40.08,1.94,3.07,25,2
1428,0.04,30,65.58,1.42,3.69,7.08,-60
1429,0.071428571,30,65.58,1.42,3.69,7.08,-60
1430,0.023809524,30,65.58,1.42,3.69,7.08,-60
1431,0.056603774,44,101.07,1.78,4.5,9.6,101
1432,0.05,64,157,2.33,3.45,26,13
1433,0.05,62,150.5,2.38,3.35,29,16
1434,0.05,62,150.5,2.38,3.35,29,16
1435,0.046511628,48,112.4,1.61,3.8,6,-70
1436,0.033057851,30,65.58,1.42,3.69,7.08,-60
1437,0.033333333,30,65.58,1.42,3.69,7.08,-60
1438,0.056338028,30,65.58,1.42,3.69,7.08,-60
1439,0.022222222,48,112.4,1.61,3.8,6,-70
1440,0.025,12,24.31,1.45,4.09,10.6,-40
1441,0.028571429,30,65.58,1.42,3.69,7.08,-60
1442,0.027777778,30,65.58,1.42,3.69,7.08,-60
1443,0.111111111,30,65.58,1.42,3.69,7.08,-60
1444,0.111111111,30,65.58,1.42,3.69,7.08,-60
1445,0.111111111,30,65.58,1.42,3.69,7.08,-60
1446,0.019230769,48,112.4,1.61,3.8,6,-70
1447,0.111111111,30,65.58,1.42,3.69,7.08,-60
1448,0.111111111,30,65.58,1.42,3.69,7.08,-60
1449,0.111111111,30,65.58,1.42,3.69,7.08,-60
1450,0.111111111,30,65.58,1.42,3.69,7.08,-60
1451,0.016393443,29,63.55,1.45,4.48,6.1,119
1452,0.028571429,30,65.58,1.42,3.69,7.08,-60
1453,0.04109589,30,65.58,1.42,3.69,7.08,-60
1454,0.03030303,27,58.93,1.52,4.27,6.8,64
1455,0.027027027,28,58.69,1.49,4.4,6.5,112
1456,0.04,48,112.4,1.61,3.8,6,-70
1457,0.04,48,112.4,1.61,3.8,6,-70
1458,0.05,48,112.4,1.61,3.8,6,-70
1459,0.023255814,48,112.4,1.61,3.8,6,-70
1460,0.043478261,26,55.85,1.56,4.03,7.5,15
1461,0.033707865,27,58.93,1.52,4.27,6.8,64
1462,0.032258065,30,65.58,1.42,3.69,7.08,-60
1463,0.1,47,107.9,1.65,4.44,6.3,126
1464,0.043478261,30,65.58,1.42,3.69,7.08,-60
1465,0.032258065,25,54.94,1.61,3.47,8.6,-50
1466,0.033333333,25,54.94,1.61,3.47,8.6,-50
1467,0.037037037,30,65.58,1.42,3.69,7.08,-60
1468,0.033333333,25,54.94,1.61,3.47,8.6,-50
1469,0.061538462,30,65.58,1.42,3.69,7.08,-60
1470,0.235294118,29,63.55,1.45,4.48,6.1,119
1471,0.04,66,162.5,2.28,3.51,25,1
1472,0.04,67,165,2.26,3.55,23,33
1473,0.04,68,167,2.26,3.58,23,30
1474,0.015151515,30,65.58,1.42,3.69,7.08,-60
1475,0.127659574,83,209,1.43,4.11,4,91
1476,0.02,47,107.9,1.65,4.44,6.3,126
1477,0.037037037,28,58.69,1.49,4.4,6.5,112
1478,0.022727273,28,58.69,1.49,4.4,6.5,112
1479,0.068965517,70,173,2.22,3.12,22,-2
1480,0.068965517,68,167,2.26,3.58,23,30
1481,0.032258065,30,65.58,1.42,3.69,7.08,-60
1482,0.03125,48,112.4,1.61,3.8,6,-70
1483,0.052631579,27,58.93,1.52,4.27,6.8,64
1484,0.05,30,65.58,1.42,3.69,7.08,-60
1485,0.045454545,28,58.69,1.49,4.4,6.5,112
1486,0.039473684,27,58.93,1.52,4.27,6.8,64
1487,0.041666667,60,144,2.06,3.25,32,9
1488,0.023809524,60,144,2.06,3.25,32,9
1489,0.023809524,64,157,2.33,3.45,26,13
1490,0.050847458,25,54.94,1.61,3.47,8.6,-50
1491,0.016129032,48,112.4,1.61,3.8,6,-70
1492,0.016129032,25,54.94,1.61,3.47,8.6,-50
1493,0.016129032,26,55.85,1.56,4.03,7.5,15
1494,0.016129032,27,58.93,1.52,4.27,6.8,64
1495,0.152542373,23,50.94,1.71,3.64,11.4,51
1496,0.058823529,30,65.58,1.42,3.69,7.08,-60
1497,0.102040816,30,65.58,1.42,3.69,7.08,-60
1498,0.075471698,30,65.58,1.42,3.69,7.08,-60
1499,0.019417476,27,58.93,1.52,4.27,6.8,64
1500,0.047619048,28,58.69,1.49,4.4,6.5,112
1501,0.047619048,29,63.55,1.45,4.48,6.1,119
1502,0.047619048,30,65.58,1.42,3.69,7.08,-60
1503,0.047619048,27,58.93,1.52,4.27,6.8,64
1504,0.043478261,25,54.94,1.61,3.47,8.6,-50
1505,0.043478261,25,54.94,1.61,3.47,8.6,-50
1506,0.1,31,69.72,1.36,3.21,8.12,29
1507,0.018867925,27,58.93,1.52,4.27,6.8,64
1508,0.025,30,65.58,1.42,3.69,7.08,-60
1509,0.028985507,30,65.58,1.42,3.69,7.08,-60
1510,0.033333333,30,65.58,1.42,3.69,7.08,-60
1511,0.047619048,25,54.94,1.61,3.47,8.6,-50
1512,0.03125,30,65.58,1.42,3.69,7.08,-60
1513,0.045454545,68,167,2.26,3.58,23,30
1514,0.04,39,88.91,2.12,3.26,22,30
1515,0.013157895,30,65.58,1.42,3.69,7.08,-60
1516,0.035714286,30,65.58,1.42,3.69,7.08,-60
1517,0.0625,68,167,2.26,3.58,23,30
1518,0.016393443,58,140,2.1,3.25,36,55
1519,0.034482759,29,63.55,1.45,4.48,6.1,119
1520,0.034482759,29,63.55,1.45,4.48,6.1,119
1521,0.034482759,29,63.55,1.45,4.48,6.1,119
1522,0.03030303,49,114.8,1.56,3.04,4.5,37
1523,0.03030303,49,114.8,1.56,3.04,4.5,37
1524,0.037037037,30,65.58,1.42,3.69,7.08,-60
1525,0.037037037,30,65.58,1.42,3.69,7.08,-60
1526,0.052631579,12,24.31,1.45,4.09,10.6,-40
1527,0.056338028,30,65.58,1.42,3.69,7.08,-60
1528,0.010638298,66,162.5,2.28,3.51,25,1
1529,0.032258065,66,162.5,2.28,3.51,25,1
1530,0.027027027,25,54.94,1.61,3.47,8.6,-50
1531,0.033333333,38,87.62,2.19,2.87,27.6,5
1532,0.052631579,21,44.96,1.84,3.37,16.9,18
1533,0.0625,92,238,2.22,3.37,46,51
1534,0.076923077,60,144,2.06,3.25,32,9
1535,0.076923077,64,157,2.33,3.45,26,13
1536,0.075471698,30,65.58,1.42,3.69,7.08,-60
1537,0.018181818,28,58.69,1.49,4.4,6.5,112
1538,0.035087719,27,58.93,1.52,4.27,6.8,64
1539,0.035087719,27,58.93,1.52,4.27,6.8,64
1540,0.035087719,27,58.93,1.52,4.27,6.8,64
1541,0.035087719,27,58.93,1.52,4.27,6.8,64
1542,0.035087719,27,58.93,1.52,4.27,6.8,64
1543,0.045454545,47,107.9,1.65,4.44,6.3,126
1544,0.037037037,29,63.55,1.45,4.48,6.1,119
1545,0.059701493,62,150.5,2.38,3.35,29,16
1546,0.058823529,30,65.58,1.42,3.69,7.08,-60
1547,0.058823529,30,65.58,1.42,3.69,7.08,-60
1548,0.047619048,30,65.58,1.42,3.69,7.08,-60
1549,0.047619048,25,54.94,1.61,3.47,8.6,-50
1550,0.056603774,27,58.93,1.52,4.27,6.8,64
1551,0.076923077,28,58.69,1.49,4.4,6.5,112
1552,0.021276596,59,141,2.47,3.22,34,11
1553,0.027522936,26,55.85,1.56,4.03,7.5,15
1554,0.027027027,26,55.85,1.56,4.03,7.5,15
1555,0.035087719,30,65.58,1.42,3.69,7.08,-60
1556,0.0625,68,167,2.26,3.58,23,30
1557,0.0625,69,169,2.22,3.61,22,99
1558,0.052631579,25,54.94,1.61,3.47,8.6,-50
1559,0.074074074,25,54.94,1.61,3.47,8.6,-50
1560,0.074074074,25,54.94,1.61,3.47,8.6,-50
1561,0.12,28,58.69,1.49,4.4,6.5,112
1562,0.057142857,30,65.58,1.42,3.69,7.08,-60
1563,0.081081081,48,112.4,1.61,3.8,6,-70
1564,0.081081081,29,63.55,1.45,4.48,6.1,119
1565,0.040816327,30,65.58,1.42,3.69,7.08,-60
1566,0.025641026,27,58.93,1.52,4.27,6.8,64
1567,0.02247191,60,144,2.06,3.25,32,9
1568,0.083333333,57,139,2.26,3.02,37,54
1569,0.04,70,173,2.22,3.12,22,-2
1570,0.078947368,29,63.55,1.45,4.48,6.1,119
1571,0.048780488,25,54.94,1.61,3.47,8.6,-50
1572,0.033333333,25,54.94,1.61,3.47,8.6,-50
1573,0.037037037,25,54.94,1.61,3.47,8.6,-50
1574,0.037037037,25,54.94,1.61,3.47,8.6,-50
1575,0.037037037,25,54.94,1.61,3.47,8.6,-50
1576,0.037037037,25,54.94,1.61,3.47,8.6,-50
1577,0.02970297,48,112.4,1.61,3.8,6,-70
1578,0.020408163,48,112.4,1.61,3.8,6,-70
1579,0.038461538,29,63.55,1.45,4.48,6.1,119
1580,0.105263158,30,65.58,1.42,3.69,7.08,-60
1581,0.075471698,30,65.58,1.42,3.69,7.08,-60
1582,0.075471698,30,65.58,1.42,3.69,7.08,-60
1583,0.130434783,48,112.4,1.61,3.8,6,-70
1584,0.033333333,30,65.58,1.42,3.69,7.08,-60
1585,0.032258065,29,63.55,1.45,4.48,6.1,119
1586,0.047619048,3,6.941,1.67,3.01,24.3,60
1587,0.05,3,6.941,1.67,3.01,24.3,60
1588,0.036144578,12,24.31,1.45,4.09,10.6,-40
1589,0.036144578,12,24.31,1.45,4.09,10.6,-40
1590,0.148148148,42,95.96,1.9,3.92,13,72
1591,0.184615385,42,95.96,1.9,3.92,13,72
1592,0.055555556,13,26.98,1.18,3.21,8.34,42
1593,0.052631579,13,26.98,1.18,3.21,8.34,42
1594,0.052631579,13,26.98,1.18,3.21,8.34,42
1595,0.044117647,48,112.4,1.61,3.8,6,-70
1596,0.033333333,49,114.8,1.56,3.04,4.5,37
1597,0.020408163,30,65.58,1.42,3.69,7.08,-60
1598,0.028571429,27,58.93,1.52,4.27,6.8,64
1599,0.03030303,30,65.58,1.42,3.69,7.08,-60
1600,0.039215686,27,58.93,1.52,4.27,6.8,64
1601,0.016949153,28,58.69,1.49,4.4,6.5,112
1602,0.016949153,28,58.69,1.49,4.4,6.5,112
1603,0.076923077,68,167,2.26,3.58,23,30
1604,0.076923077,70,173,2.22,3.12,22,-2
1605,0.076923077,62,150.5,2.38,3.35,29,16
1606,0.076923077,64,157,2.33,3.45,26,13
1607,0.076923077,66,162.5,2.28,3.51,25,1
1608,0.076923077,60,144,2.06,3.25,32,9
1609,0.076923077,62,150.5,2.38,3.35,29,16
1610,0.076923077,64,157,2.33,3.45,26,13
1611,0.076923077,66,162.5,2.28,3.51,25,1
1612,0.076923077,67,165,2.26,3.55,23,33
1613,0.125,4,9.012,1.12,4.81,5.6,-50
1614,0.033707865,30,65.58,1.42,3.69,7.08,-60
1615,0.041666667,29,63.55,1.45,4.48,6.1,119
1616,0.052631579,30,65.58,1.42,3.69,7.08,-60
1617,0.018691589,59,141,2.47,3.22,34,11
1618,0.019230769,66,162.5,2.28,3.51,25,1
1619,0.036144578,29,63.55,1.45,4.48,6.1,119
1620,0.036144578,27,58.93,1.52,4.27,6.8,64
1621,0.111111111,25,54.94,1.61,3.47,8.6,-50
1622,0.028571429,48,112.4,1.61,3.8,6,-70
1623,0.022222222,48,112.4,1.61,3.8,6,-70
1624,0.111111111,25,54.94,1.61,3.47,8.6,-50
1625,0.111111111,25,54.94,1.61,3.47,8.6,-50
1626,0.065217391,30,65.58,1.42,3.69,7.08,-60
1627,0.037037037,29,63.55,1.45,4.48,6.1,119
1628,0.054794521,30,65.58,1.42,3.69,7.08,-60
1629,0.102040816,27,58.93,1.52,4.27,6.8,64
1630,0.034482759,29,63.55,1.45,4.48,6.1,119
1631,0.034482759,29,63.55,1.45,4.48,6.1,119
1632,0.035714286,29,63.55,1.45,4.48,6.1,119
1633,0.04,27,58.93,1.52,4.27,6.8,64
1634,0.034482759,29,63.55,1.45,4.48,6.1,119
1635,0.035714286,29,63.55,1.45,4.48,6.1,119
1636,0.125,48,112.4,1.61,3.8,6,-70
1637,0.025316456,29,63.55,1.45,4.48,6.1,119
1638,0.041666667,13,26.98,1.18,3.21,8.34,42
1639,0.045454545,47,107.9,1.65,4.44,6.3,126
1640,0.088888889,29,63.55,1.45,4.48,6.1,119
1641,0.019230769,30,65.58,1.42,3.69,7.08,-60
1642,0.014705882,30,65.58,1.42,3.69,7.08,-60
1643,0.018867925,25,54.94,1.61,3.47,8.6,-50
1644,0.050847458,12,24.31,1.45,4.09,10.6,-40
1645,0.009803922,48,112.4,1.61,3.8,6,-70
1646,0.009803922,48,112.4,1.61,3.8,6,-70
1647,0.009803922,48,112.4,1.61,3.8,6,-70
1648,0.009803922,48,112.4,1.61,3.8,6,-70
1649,0.009803922,48,112.4,1.61,3.8,6,-70
1650,0.009345794,48,112.4,1.61,3.8,6,-70
1651,0.009803922,48,112.4,1.61,3.8,6,-70
1652,0.009803922,48,112.4,1.61,3.8,6,-70
1653,0.033707865,29,63.55,1.45,4.48,6.1,119
1654,0.033707865,29,63.55,1.45,4.48,6.1,119
1655,0.081081081,48,112.4,1.61,3.8,6,-70
1656,0.055555556,29,63.55,1.45,4.48,6.1,119
1657,0.055555556,26,55.85,1.56,4.03,7.5,15
1658,0.076923077,29,63.55,1.45,4.48,6.1,119
1659,0.076923077,29,63.55,1.45,4.48,6.1,119
1660,0.058823529,27,58.93,1.52,4.27,6.8,64
1661,0.022222222,30,65.58,1.42,3.69,7.08,-60
1662,0.027027027,57,139,2.26,3.02,37,54
1663,0.025641026,49,114.8,1.56,3.04,4.5,37
1664,0.022988506,29,63.55,1.45,4.48,6.1,119
1665,0.076923077,29,63.55,1.45,4.48,6.1,119
1666,0.076923077,29,63.55,1.45,4.48,6.1,119
1667,0.076923077,29,63.55,1.45,4.48,6.1,119
1668,0.076923077,29,63.55,1.45,4.48,6.1,119
1669,0.076923077,29,63.55,1.45,4.48,6.1,119
1670,0.076923077,29,63.55,1.45,4.48,6.1,119
1671,0.076923077,29,63.55,1.45,4.48,6.1,119
1672,0.04040404,30,65.58,1.42,3.69,7.08,-60
1673,0.052631579,27,58.93,1.52,4.27,6.8,64
1674,0.04,64,157,2.33,3.45,26,13
1675,0.018867925,29,63.55,1.45,4.48,6.1,119
1676,0.055555556,23,50.94,1.71,3.64,11.4,51
1677,0.03030303,29,63.55,1.45,4.48,6.1,119
1678,0.03030303,29,63.55,1.45,4.48,6.1,119
1679,0.044776119,30,65.58,1.42,3.69,7.08,-60
1680,0.066666667,38,87.62,2.19,2.87,27.6,5
1681,0.071428571,30,65.58,1.42,3.69,7.08,-60
1682,0.076923077,30,65.58,1.42,3.69,7.08,-60
1683,0.019230769,64,157,2.33,3.45,26,13
1684,0.019230769,64,157,2.33,3.45,26,13
1685,0.015384615,64,157,2.33,3.45,26,13
1686,0.015384615,64,157,2.33,3.45,26,13
1687,0.019230769,64,157,2.33,3.45,26,13
1688,0.111111111,12,24.31,1.45,4.09,10.6,-40
1689,0.111111111,12,24.31,1.45,4.09,10.6,-40
1690,0.111111111,12,24.31,1.45,4.09,10.6,-40
1691,0.111111111,12,24.31,1.45,4.09,10.6,-40
1692,0.111111111,12,24.31,1.45,4.09,10.6,-40
1693,0.038461538,28,58.69,1.49,4.4,6.5,112
1694,0.076923077,12,24.31,1.45,4.09,10.6,-40
1695,0.035714286,20,40.08,1.94,3.07,25,2
1696,0.056179775,30,65.58,1.42,3.69,7.08,-60
1697,0.054945055,30,65.58,1.42,3.69,7.08,-60
1698,0.013333333,30,65.58,1.42,3.69,7.08,-60
1699,0.020408163,48,112.4,1.61,3.8,6,-70
1700,0.027777778,25,54.94,1.61,3.47,8.6,-50
1701,0.027777778,30,65.58,1.42,3.69,7.08,-60
1702,0.027777778,30,65.58,1.42,3.69,7.08,-60
1703,0.027777778,30,65.58,1.42,3.69,7.08,-60
1704,0.027777778,30,65.58,1.42,3.69,7.08,-60
1705,0.029411765,39,88.91,2.12,3.26,22,30
1706,0.028571429,30,65.58,1.42,3.69,7.08,-60
1707,0.014492754,27,58.93,1.52,4.27,6.8,64
1708,0.043478261,27,58.93,1.52,4.27,6.8,64
1709,0.043478261,27,58.93,1.52,4.27,6.8,64
1710,0.043478261,27,58.93,1.52,4.27,6.8,64
1711,0.035087719,11,22.99,1.9,2.84,23.6,53
1712,0.015267176,30,65.58,1.42,3.69,7.08,-60
1713,0.058823529,30,65.58,1.42,3.69,7.08,-60
1714,0.025,57,139,2.26,3.02,37,54
1715,0.066666667,27,58.93,1.52,4.27,6.8,64
1716,0.090909091,30,65.58,1.42,3.69,7.08,-60
1717,0.074074074,30,65.58,1.42,3.69,7.08,-60
1718,0.111111111,28,58.69,1.49,4.4,6.5,112
1719,0.111111111,25,54.94,1.61,3.47,8.6,-50
1720,0.097560976,30,65.58,1.42,3.69,7.08,-60
1721,0.097560976,30,65.58,1.42,3.69,7.08,-60
1722,0.033333333,29,63.55,1.45,4.48,6.1,119
1723,0.011111111,68,167,2.26,3.58,23,30
1724,0.035714286,29,63.55,1.45,4.48,6.1,119
1725,0.024390244,28,58.69,1.49,4.4,6.5,112
1726,0.035714286,58,140,2.1,3.25,36,55
1727,0.08,30,65.58,1.42,3.69,7.08,-60
1728,0.02189781,30,65.58,1.42,3.69,7.08,-60
1729,0.032258065,29,63.55,1.45,4.48,6.1,119
1730,0.035714286,67,165,2.26,3.55,23,33
1731,0.035714286,66,162.5,2.28,3.51,25,1
1732,0.035714286,60,144,2.06,3.25,32,9
1733,0.071428571,3,6.941,1.67,3.01,24.3,60
1734,0.071428571,3,6.941,1.67,3.01,24.3,60
1735,0.071428571,3,6.941,1.67,3.01,24.3,60
1736,0.052631579,30,65.58,1.42,3.69,7.08,-60
1737,0.02970297,30,65.58,1.42,3.69,7.08,-60
1738,0.038461538,30,65.58,1.42,3.69,7.08,-60
1739,0.111111111,27,58.93,1.52,4.27,6.8,64
1740,0.111111111,27,58.93,1.52,4.27,6.8,64
1741,0.01754386,48,112.4,1.61,3.8,6,-70
1742,0.020408163,27,58.93,1.52,4.27,6.8,64
1743,0.020408163,30,65.58,1.42,3.69,7.08,-60
1744,0.034090909,30,65.58,1.42,3.69,7.08,-60
1745,0.027777778,30,65.58,1.42,3.69,7.08,-60
1746,0.023529412,30,65.58,1.42,3.69,7.08,-60
1747,0.027777778,30,65.58,1.42,3.69,7.08,-60
1748,0.111111111,48,112.4,1.61,3.8,6,-70
1749,0.090909091,48,112.4,1.61,3.8,6,-70
1750,0.071428571,25,54.94,1.61,3.47,8.6,-50
1751,0.055555556,26,55.85,1.56,4.03,7.5,15
1752,0.108108108,92,238,2.22,3.37,46,51
1753,0.055555556,49,114.8,1.56,3.04,4.5,37
1754,0.037037037,29,63.55,1.45,4.48,6.1,119
1755,0.166666667,30,65.58,1.42,3.69,7.08,-60
1756,0.047619048,46,106.4,1.69,4.45,6.9,54
1757,0.052631579,30,65.58,1.42,3.69,7.08,-60
1758,0.050847458,30,65.58,1.42,3.69,7.08,-60
1759,0.094339623,48,112.4,1.61,3.8,6,-70
1760,0.052631579,66,162.5,2.28,3.51,25,1
1761,0.1,78,195.08,1.77,5.6,6.5,205
1762,0.014925373,56,137.3,2.53,2.68,39.7,14
1763,0.043478261,67,165,2.26,3.55,23,33
1764,0.041666667,30,65.58,1.42,3.69,7.08,-60
1765,0.058823529,82,207,1.54,3.89,3.7,34
1766,0.054794521,30,65.58,1.42,3.69,7.08,-60
1767,0.095238095,38,87.62,2.19,2.87,27.6,5
1768,0.176470588,48,112.4,1.61,3.8,6,-70
1769,0.176470588,48,112.4,1.61,3.8,6,-70
1770,0.176470588,48,112.4,1.61,3.8,6,-70
1771,0.176470588,48,112.4,1.61,3.8,6,-70
1772,0.176470588,48,112.4,1.61,3.8,6,-70
1773,0.071428571,30,65.58,1.42,3.69,7.08,-60
1774,0.058823529,29,63.55,1.45,4.48,6.1,119
1775,0.090909091,29,63.55,1.45,4.48,6.1,119
1776,0.111111111,38,87.62,2.19,2.87,27.6,5
1777,0.076923077,13,26.98,1.18,3.21,8.34,42
1778,0.03030303,25,54.94,1.61,3.47,8.6,-50
1779,0.03030303,59,141,2.47,3.22,34,11
1780,0.018181818,58,140,2.1,3.25,36,55
1781,0.024096386,66,162.5,2.28,3.51,25,1
1782,0.032786885,30,65.58,1.42,3.69,7.08,-60
1783,0.045454545,27,58.93,1.52,4.27,6.8,64
1784,0.025641026,48,112.4,1.61,3.8,6,-70
1785,0.023255814,30,65.58,1.42,3.69,7.08,-60
1786,0.022222222,48,112.4,1.61,3.8,6,-70
1787,0.032258065,25,54.94,1.61,3.47,8.6,-50
1788,0.03125,58,140,2.1,3.25,36,55
1789,0.058823529,29,63.55,1.45,4.48,6.1,119
1790,0.018181818,58,140,2.1,3.25,36,55
1791,0.058823529,29,63.55,1.45,4.48,6.1,119
1792,0.030769231,30,65.58,1.42,3.69,7.08,-60
1793,0.111111111,3,6.941,1.67,3.01,24.3,60
1794,0.033333333,20,40.08,1.94,3.07,25,2
1795,0.020833333,30,65.58,1.42,3.69,7.08,-60
1796,0.020833333,27,58.93,1.52,4.27,6.8,64
1797,0.027027027,66,162.5,2.28,3.51,25,1
1798,0.027027027,64,157,2.33,3.45,26,13
1799,0.058823529,30,65.58,1.42,3.69,7.08,-60
1800,0.058823529,30,65.58,1.42,3.69,7.08,-60
1801,0.058823529,30,65.58,1.42,3.69,7.08,-60
1802,0.047619048,30,65.58,1.42,3.69,7.08,-60
1803,0.043478261,30,65.58,1.42,3.69,7.08,-60
1804,0.047619048,30,65.58,1.42,3.69,7.08,-60
1805,0.076923077,24,52,1.66,3.72,6.8,65
1806,0.04,29,63.55,1.45,4.48,6.1,119
1807,0.04,29,63.55,1.45,4.48,6.1,119
1808,0.021276596,27,58.93,1.52,4.27,6.8,64
1809,0.021276596,27,58.93,1.52,4.27,6.8,64
1810,0.023529412,29,63.55,1.45,4.48,6.1,119
1811,0.058823529,30,65.58,1.42,3.69,7.08,-60
1812,0.037037037,30,65.58,1.42,3.69,7.08,-60
1813,0.111111111,30,65.58,1.42,3.69,7.08,-60
1814,0.040816327,30,65.58,1.42,3.69,7.08,-60
1815,0.111111111,30,65.58,1.42,3.69,7.08,-60
1816,0.033333333,48,112.4,1.61,3.8,6,-70
