Order,I2,N2,O2,H2O
1,0,0.054409194,0.02741058,135.217412
2,0,0.066274347,0.033749102,126.0424055
3,0,0.038453352,0.019879889,135.7628241
4,0,0.030017173,0.016274564,135.0873502
5,0,0.029369791,0.015340407,129.990706
6,0,0.351399868,0.144191098,10.17840894
7,1.16734991,0.773263647,0.306716171,73.93459363
8,670.2140737,0.431027473,0.196286196,0.422969008
9,110.8188624,1.012378134,0.372199479,0.626014741
10,40.15853801,0.361974385,0.118330189,0.076111182
11,29.94275446,0.112917441,0.038868164,70.1431656
12,362.9889524,0.540564759,0.281729697,1.463623873
13,41.69905183,0.444131852,0.160350955,0.705143028
14,42.72437725,0.373507151,0.139107212,2.672789465
15,159.9231228,0.900999601,0.334126221,0.252809139
16,138.416597,0.70152652,0.241365411,0.087741166
17,45.32176691,1.377817288,0.477250946,39.55787391
18,48.3038683,1.387002823,0.49082473,40.90961843
19,47.62955271,1.354164423,0.47734169,40.25116041
20,43.38247185,1.382990532,0.47728879,41.27851276
21,24.00946397,1.044510608,0.38611185,0.122908238
22,0.401382963,0.75795387,0.266738623,128.1206363
23,46.78576299,0.356683651,0.114343755,97.78103553
24,10.70018002,1.353066111,0.450097513,0.238580334
25,0,0.482709051,0.286790214,107.9969905
26,187.3664596,0.027781869,0.012035022,1.962137615
27,26.66688274,1.864302739,0.623172784,0.515741407
28,7.344910052,1.203539513,0.376514566,5.763879146
29,0.675616473,0.301800593,0.096793277,16.88757504
30,45.58553974,0.587235397,0.222755492,71.10454626
31,46.09246157,0.595958323,0.224758682,78.42585989
32,2.391424197,1.940650242,0.607218768,66.59900231
33,2.543263845,1.884099893,0.595986076,64.05288129
34,16.83237462,1.312551687,0.4306571,51.31032233
35,310.3625001,0.090333103,0.038957771,0.008918682
36,178.4172462,0.857055219,0.284309614,0.316895742
37,173.6799451,0.874830215,0.286139811,0.274665516
38,0,0.077978175,0.057825796,0.014938309
39,4.182367277,0.678024665,0.217822601,9.430212561
40,1.636533114,0.506736728,0.182509273,36.14867022
41,5.074057194,0.482755174,0.172089089,34.55723517
42,27.78329511,1.786193268,0.581404583,0.830774521
43,3.917034759,2.00169838,0.640153114,0.262642646
44,14.79921971,2.126983678,0.692535524,0.397193145
45,0.020202594,0.473825917,0.188033976,5.266773268
46,4.193821485,0.923781943,0.306993983,0.410079759
47,4.243262914,0.935188104,0.312612174,0.375723191
48,316.9829632,0.971295381,0.376979854,35.15734633
49,21.66145219,1.412699507,0.463773112,31.91848534
50,285.8322656,0.091702632,0.0308351,0.110188531
51,64.17085582,0.554589633,0.198943407,26.18805935
52,83.16276603,0.888636889,0.289574141,57.79178748
53,0.253685137,0.327618328,0.123318451,0.107812638
54,0.123453088,0.221232048,0.082528766,0.036300402
55,3.835589596,0.378216582,0.135682996,0.112184975
56,0.086723034,0.324183086,0.124360752,0.112725764
57,0.173932366,0.312571252,0.118760941,0.105120198
58,5.103691084,0.363742046,0.131452482,0.111356532
59,0.718099143,0.337637784,0.121703907,0.096502091
60,0.404081877,0.797309019,0.254072872,32.0552481
61,4.094871664,1.461307787,0.518584669,0.572034584
62,14.53312725,1.429019145,0.473011742,11.93962845
63,11.36959273,1.408845201,0.465904721,19.44175709
64,696.6719726,0.059578194,0.02879749,32.33254655
65,23.35207816,1.28570591,0.438085247,0.19684628
66,20.41812082,1.228393861,0.418652511,0.12914453
67,40.22666164,0.673585229,0.219403471,0.117559848
68,93.30438319,1.210451103,0.433008567,29.49130973
69,101.84039,0.466902027,0.197174573,49.25034939
70,104.1016523,0.996064895,0.32783903,78.47788994
71,144.1338077,0.975964189,0.381151009,0.164072084
72,42.49820883,1.052891566,0.368627599,0.121092405
73,224.604434,0.634752115,0.214188427,20.84865586
74,0.023551936,0.826328139,0.285369568,160.0365792
75,123.690115,1.314122866,0.457951214,1.992958236
76,4.40965208,1.364101603,0.438308409,0.260374973
77,181.8068782,0.387553795,0.147920062,11.07016645
78,16.17012136,0.678956832,0.263816784,71.36344497
79,153.993596,0.014484981,0.004441395,48.12946443
80,157.872184,0.570467355,0.208572372,48.28579008
81,28.00925032,1.121740959,0.370922222,0.759065417
82,97.61660323,1.759868946,0.588517658,5.807034463
83,236.1040745,1.632580626,0.614949422,0.699134066
84,2.944968727,0.368181603,0.12170946,23.89290706
85,1099.557162,0.753284293,0.300423112,1.695299373
86,149.1187645,1.315957554,0.446627347,1.5416112
87,0.005186552,0.010221009,0.006879723,164.0949742
88,32.92010718,0.330195937,0.102332759,73.84165745
89,119.6168801,1.461083133,0.485991964,73.0678077
90,0,2.129109326,1.040633508,5.152610565
91,0,0.540400168,0.282354487,1.245756222
92,3.966770239,0.925110869,0.309930363,0.12371242
93,4.960552393,0.917730342,0.310548116,0.114117394
94,1.510150474,0.635118897,0.207028824,1.887443363
95,1.451999989,0.626560991,0.199760757,2.295741092
96,6.567926388,0.951267766,0.311358729,0.463576283
97,3.894044662,0.918333246,0.303185243,0.320267404
98,1.496646727,0.580949256,0.184477239,0.471882575
99,1.374717743,0.609389608,0.19100099,2.57965543
100,3.42780327,0.779698633,0.279737448,0.083912421
101,2.735392697,0.828166447,0.287777603,0.59336127
102,44.75948863,1.80182825,0.61820752,0.235167839
103,150.2298218,2.211108287,0.73041625,0.908349495
104,349.3021535,0.198954869,0.069145247,0.083535194
105,135.6882182,0.54987804,0.182895585,0.336979695
106,21.37189216,0.713618274,0.234896341,0.678430687
107,2.003239939,0.679939509,0.233068435,0.705258472
108,104.7043388,0.512577677,0.187855843,0.0495662
109,3.493584506,1.155865713,0.41726894,88.93167513
110,11.3317032,1.123593151,0.415391578,109.8524788
111,7.227590784,1.152898431,0.419259126,112.71069
112,6.737445685,1.113229587,0.407657539,114.1726778
113,2.703662162,1.11009426,0.40420005,113.1807963
114,2.718364114,1.099636831,0.399367059,112.6317529
115,0.690664262,2.296025101,0.766406396,0.866166764
116,45.03346121,0.655104172,0.245792432,193.4053906
117,0,1.463739676,0.587870482,100.2817025
118,3.320646057,0.778830964,0.271368223,0.267756247
119,0.230293318,0.417520438,0.154873449,1.753425592
120,8.631179108,1.717664287,0.567608264,0.215704799
121,2.971945374,1.694503483,0.569468373,0.173470516
122,149.4534099,1.37530845,0.525886695,0.276683002
123,1.578640125,1.131658462,0.400761266,0.531837515
124,522.3190288,1.315626696,0.472509539,0.240066024
125,0.183477449,0.863963592,0.272626069,131.2732698
126,99.66196687,0.544485989,0.185620687,0.190803383
127,157.9625732,0.511134609,0.204056657,0.086710093
128,49.84097343,1.424940307,0.459872944,33.68187424
129,85.60483789,1.857854207,0.686890805,28.22588587
130,276.7955309,0.630951176,0.229553668,29.6075886
131,0.005472123,0.250931266,0.090086652,128.5126566
132,0.011096416,0.248611842,0.093013825,130.4668883
133,6.10917154,1.334672431,0.434301861,55.17485447
134,79.31145282,0.555308208,0.197645746,4.372975824
135,99.68950708,1.953302955,0.834107613,0.140604164
136,74.03884702,0.413482455,0.153893957,0.039370035
137,29.57636407,0.529163908,0.19955402,0.259566161
138,74.89984577,2.071425157,0.745022996,0.387418749
139,135.4095638,0.306274811,0.110655805,2.755566814
140,42.45200868,0.661450416,0.216645883,0.418064079
141,108.034592,0.021763005,0.00923031,0.011180369
142,122.2766114,0.848908736,0.290184332,107.1838081
143,91.64756662,0.819523915,0.278059328,132.5115848
144,116.057005,1.498654121,0.5313527,32.06622547
145,46.514279,1.507123979,0.536219543,38.67205492
146,16.48377437,0.457572214,0.14491736,31.35031993
147,75.81253686,1.335847779,0.515271033,0.271865483
148,334.4354936,0.060524048,0.050347537,0.027123628
149,2.353354605,1.016343737,0.317331634,1.697023133
150,2.207761323,1.008213292,0.313625507,1.173595136
151,2.366150215,1.005312288,0.301417091,5.683917944
152,2.473702497,1.010999783,0.30490521,4.398361307
153,2.489264724,1.036688934,0.315587574,4.931240121
154,2.548747016,1.025771999,0.319511708,5.058273835
155,74.25871926,0.855601643,0.313206204,2.346881659
156,1.010965323,0.342359404,0.157010281,0.037304199
157,1.623311793,0.441182037,0.191072303,0.041087775
158,92.59346572,0.329643718,0.111063188,0.2140635
159,106.0697046,0.308509406,0.104402341,0.194546677
160,120.0847596,0.288502687,0.098183097,0.188248254
161,124.8015891,0.288373819,0.099507906,0.197695889
162,155.3268051,0.153320301,0.066937282,174.5955074
163,0.299738125,0.468024086,0.164944352,57.73256181
164,2.425048636,0.381236975,0.135999416,0.284438213
165,32.67289882,0.616373124,0.23364229,0.083639279
166,35.62800476,1.535697744,0.51205865,26.40272535
167,0.699757176,0.051404777,0.018915816,71.76085007
168,181.7458813,0.713578129,0.250818022,95.9574465
169,2.164088436,0.413533447,0.155949615,0.035026416
170,0,0.028726887,0.012675562,111.3008125
171,59.13920846,1.080610326,0.350480683,14.18525734
172,200.1028493,0.284331527,0.185809496,0.262505239
173,65.30630489,0.290506972,0.10520728,0.341378661
174,6.644406887,2.006304036,0.643123522,32.89626888
175,65.83934504,0.532882648,0.164390931,72.15424008
176,1.867908644,0.522925202,0.203322583,13.8520542
177,472.5630299,0.50402669,0.228072882,51.96063861
178,229.1253839,0.605369526,0.209800305,52.58829055
179,0.067466507,0.935847047,0.3332742,50.01706483
180,832.8972257,0.019137,0.00646549,0.008022994
181,3.233377776,0.960471847,0.326935167,4.770697478
182,56.92899806,1.00166314,0.36827545,52.43265087
183,29.77650134,0.930945374,0.34627801,55.39398488
184,427.0536034,0.462656981,0.16320123,25.63084728
185,1.248980394,1.201761731,0.387238476,51.79363225
186,0,0.132273238,0.064237139,74.84400699
187,2.13374977,0.680356362,0.232335986,1.547072175
188,2.016342486,0.646717297,0.221752506,1.962139665
189,225.9906509,0.591159227,0.203736781,1.629815032
190,15.52541249,1.013195823,0.395579953,0.878253535
191,109.0895657,0.780204676,0.268841962,12.34047021
192,13.09560203,2.021180324,0.667479795,0.218190455
193,3.066420152,1.034311626,0.330537942,0.586068355
194,0,0.000858906,0.001843274,181.9731638
195,0,0.001287044,0.001646562,185.7161401
196,2.477753508,1.886706611,0.696039033,0.268552495
197,1.631929445,1.317836535,0.427939462,0.19810175
198,170.5604814,1.500067901,0.505065676,3.432718288
199,5.535854997,1.656897182,0.542417268,0.287713899
200,509.8683756,0.34253557,0.166506046,0.041195705
201,20.29710739,0.810675382,0.245955265,129.2425932
202,21.5208801,0.830530872,0.251638182,120.0659431
203,24.21508117,0.871102108,0.269619151,51.20228169
204,22.13063412,0.819598012,0.251164754,117.6393592
205,0.174737146,0.034640148,0.010942856,149.7058567
206,27.21521947,0.998355621,0.360636824,0.530900298
207,3.470554632,1.035985977,0.348101932,0.429466784
208,299.3216395,0.824010906,0.304841232,0.123413303
209,36.85465141,1.561272789,0.498235216,4.533541671
210,0,0.133087176,0.062049281,0.020838687
211,0.408449217,0.331001571,0.104382959,143.9856157
212,294.4037369,0.023016413,0.007439819,1.216551298
213,1.964354589,0.079016537,0.027878551,110.7531831
214,1.314598419,0.436601368,0.142493848,0.067134601
215,0.819935201,0.427154256,0.139152891,0.082890578
216,103.4338353,0.868286219,0.296339977,0.296531742
217,231.1077367,1.032330018,0.412018666,0.793133668
218,674.1697695,0.231911596,0.141184223,0.183193977
219,964.7253649,0.74136765,0.302221258,0.221512774
220,2.799642276,1.016950875,0.322246714,1.203055863
221,149.01376,1.079105807,0.376841514,0.270426587
222,154.6038164,1.709614453,0.643973698,0.297867746
223,45.53040713,1.390475197,0.563623752,0.265617237
224,43.92274317,1.391476144,0.576657895,0.284979797
225,61.84095454,1.237501173,0.48435071,8.064017665
226,363.7378003,0.065282046,0.031310695,0.04762099
227,50.9448904,1.011272113,0.359785109,0.0952412
228,73.75627503,0.976785078,0.349898938,0.110689529
229,239.7929303,1.332567388,0.482182848,0.62786897
230,271.7249582,1.090753639,0.397704682,0.476876729
231,244.3461483,1.118850075,0.40324842,0.638697846
232,150.3358083,1.249242114,0.440478531,0.705578406
233,162.9562635,1.156409638,0.407240514,0.836880488
234,162.9643097,1.203531041,0.418421938,0.684116448
235,204.3112744,1.13178457,0.408170329,0.842660646
236,193.2937639,1.113294425,0.397534303,0.521157634
237,217.2913599,1.102089238,0.399406047,0.641798152
238,0.132833859,0.11553618,0.045099809,101.6695922
239,426.0516176,0.078947343,0.028925255,0.069071035
240,425.3884833,0.084667291,0.032745992,0.091161068
241,437.2367367,0.057332115,0.021201035,0.341041536
242,441.8286374,0.044664355,0.016875624,0.437605079
243,40.06948919,1.750370287,0.64915744,12.60308493
244,8.429218672,1.020492453,0.315413527,1.376181045
245,8.873784107,1.380625868,0.467330816,13.65794881
246,8.38111222,1.345035982,0.45943934,11.74986218
247,10.87102567,1.388528916,0.482177153,15.65548787
248,8.137384261,1.366389914,0.460276315,11.99846207
249,508.1378985,0.453891621,0.174112276,7.172632699
250,45.27083437,0.806815954,0.281473283,0.104225681
251,96.64056673,0.640115442,0.21961085,2.58069367
252,0.00020174,0.720770366,0.290952658,0.090831462
253,114.1414193,1.118505604,0.35517395,13.81746704
254,254.0356144,0.800292902,0.349475329,0.347385805
255,5.433257068,1.318536983,0.486064577,0.210453295
256,778.2906714,0.710860589,0.273770131,0.165311447
257,396.7063933,0.675151716,0.294900791,0.142866189
258,1.644659322,1.015625564,0.348602146,80.01612872
259,68.50079192,0.868662463,0.294573163,54.60763713
260,0,0.373886602,0.196571774,0.638683803
261,350.9840025,0.722538577,0.308380789,0.535534714
262,0,0.700135034,0.321789804,1.55179327
263,27.89527189,0.87612188,0.33382937,45.0794831
264,21.99694036,0.93428528,0.342118204,43.400584
265,32.70660107,0.515692706,0.192506483,7.576678163
266,35.38882875,2.063294981,0.783837435,0.347453954
267,8.847359923,1.001670202,0.356590935,17.21151692
268,113.9354017,1.189631544,0.488337653,40.98253657
269,110.0177776,1.173013779,0.482206501,39.37175713
270,307.603555,1.438691178,0.521954722,0.312232975
271,3.38364823,2.118248828,0.706294146,0.785464218
272,138.1215037,0.759290018,0.257544588,1.099448368
273,29.70818594,0.426723437,0.14548815,2.306910769
274,0.083320172,0.44258465,0.151570809,0.101450482
275,0.076476015,0.442124822,0.152208607,0.101112525
276,0.084510461,0.452503801,0.149244722,0.100183143
277,375.7903523,0.803232035,0.31105245,0.492276769
278,0.73631781,0.489253496,0.202309636,36.3312077
279,24.19399442,1.397931411,0.484580327,0.183597465
280,23.00602175,1.387308348,0.480414312,0.183560235
281,25.34341699,1.399291858,0.479819167,0.184974958
282,24.1087646,1.386613652,0.486564144,0.182294431
283,24.91962806,1.39807614,0.490234205,0.184230367
284,25.41920597,1.388958252,0.480149803,0.19286762
285,24.73028672,1.395384192,0.484415009,0.181326463
286,24.00019491,1.395644703,0.481108647,0.182685341
287,25.19341249,1.394284256,0.485737553,0.188232542
288,24.14128305,1.398423488,0.487390734,0.177882731
289,24.94218119,1.397526172,0.485473045,0.180823864
290,28.398054,1.390608155,0.486035126,0.186017385
291,24.81630329,1.380042984,0.483026337,0.176784459
292,24.63168237,1.396194671,0.485142408,0.18318794
293,25.42707334,1.398307705,0.482530383,0.18318794
294,24.99095887,1.4023601,0.482166683,0.188009165
295,25.95916971,1.383371736,0.47783535,0.182703956
296,25.49656843,1.405920418,0.484448072,0.189405273
297,23.78410451,1.390666047,0.485439981,0.184509588
298,24.81289409,1.405833581,0.489043915,0.185328638
299,23.79616781,1.399783934,0.487787497,0.190354626
300,23.92020999,1.40068125,0.485010154,0.188586223
301,24.22179246,1.406528277,0.485638363,0.193779743
302,23.84678122,1.399957608,0.488052006,0.194207883
303,23.88506908,1.412577923,0.48534079,0.196050745
304,22.82900596,1.401260164,0.482894083,0.187152886
305,23.90972017,1.405283613,0.484117436,0.191583201
306,23.43505559,1.404878373,0.489804378,0.194487105
307,21.49391349,1.399754989,0.486233508,0.195120007
308,23.30445727,1.405052047,0.483026337,0.190894454
309,23.74581665,1.406817734,0.487919752,0.192718702
310,23.03041059,1.432000472,0.493441375,0.198135599
311,21.38586829,1.415761947,0.491060795,0.200834741
312,23.84442101,1.422622073,0.48606819,0.204762457
313,23.04929228,1.415848784,0.487027034,0.203478038
314,20.68934392,1.439671076,0.495921147,0.204613539
315,20.04815337,1.417672362,0.495226811,0.20411094
316,28.62646994,1.350489449,0.471321818,0.160459307
317,2.64033884,0.677452458,0.248013029,42.81208945
318,0.002341477,0.503738351,0.197274486,3.255379753
319,25.06537858,1.274954322,0.429162397,12.8895977
320,54.12422211,0.725437907,0.273114009,0.117629583
321,0.730458519,0.473950453,0.159325123,9.819659541
322,43.91057884,0.705244449,0.219952656,33.05167616
323,0.138126346,1.867738484,0.661585664,4.899721209
324,0.407734645,0.728316074,0.267332347,0.074686382
325,269.9132885,0.57863565,0.196407227,3.052354349
326,16.45950311,1.313954262,0.473136076,0.403853691
327,0,0.184697549,0.110833362,0.054799622
328,0.329796977,0.384223746,0.171249039,1.627859126
329,232.8149093,0.621485582,0.221061866,51.92820569
330,167.4956678,0.766323052,0.272363246,0.074864044
331,170.9776271,0.763653532,0.271972936,0.073408239
332,154.237483,0.714470298,0.24804205,52.03307852
333,141.2023866,0.586610974,0.202522138,66.76466323
334,149.1149629,0.567198226,0.194642753,67.07503793
335,71.22910481,1.104854944,0.368625682,7.788714021
336,11.35120016,1.576148626,0.599880114,0.171338259
337,157.4872189,0.571207654,0.177834422,8.341577041
338,355.8948792,0.384989993,0.141268491,2.384473347
339,695.8348449,0.064806935,0.028040399,27.73076922
340,0.212567689,1.246220368,0.484418928,9.617754234
341,0.158598125,1.899452494,0.586377382,35.65309504
342,0.10808989,0.105025847,0.038707302,0.594193148
343,0.536467914,0.090782577,0.030861276,174.2245907
344,0.002750181,1.157756888,0.493728148,0.529501314
345,1.111834845,0.361735276,0.128125974,0.133799763
346,0.002997285,0.286254052,0.112413537,0.127652297
347,0.895557096,0.364294847,0.134669508,0.120071543
348,29.88932388,1.696922672,0.584501359,0.302564759
349,0.470118952,1.484025119,0.481864496,0.183286808
350,0.021766037,0.201902105,0.068849828,45.64587257
351,0.034825659,0.211277008,0.07297228,44.7351254
352,0.006219365,0.153760576,0.055653389,32.04050374
353,0.005476549,0.148928009,0.053358043,21.18499542
354,36.68910488,0.862047974,0.278790719,56.49539134
355,2.4607271,1.447616696,0.497963501,0.22934877
356,395.1125979,1.413920356,0.558759071,0.124586607
357,418.8453805,1.40996735,0.560810258,0.298590291
358,379.9626841,1.524564588,0.599164672,0.135311492
359,0.002737281,0.233590202,0.099096775,41.87615213
360,39.5845781,0.819568736,0.258841255,97.80204937
361,104.7297833,0.918791292,0.318915219,71.74993753
362,67.17160704,1.042081487,0.378392026,0.253324494
363,14.70782032,0.748995052,0.288105875,115.3580103
364,31.66180464,0.829669097,0.329387018,104.0335712
365,23.52455555,0.758043459,0.289930181,111.9393365
366,11.47992827,0.729143849,0.285722854,114.1832771
367,9.093088773,0.710432006,0.279085331,113.1873649
368,11.4050514,0.699328723,0.282846113,106.393939
369,11.34730062,0.728818403,0.287126748,106.6491513
370,10.20884159,0.591042539,0.247205211,47.97401865
371,26.81694598,0.698433223,0.274269061,92.50390869
372,144.1759356,1.277389065,0.429519929,0.865001923
373,6.121943861,1.791848605,0.737482482,0.454447988
374,265.3026594,0.474204445,0.173377092,9.462137969
375,288.8528209,0.44795065,0.161962382,4.439911211
376,114.1587721,0.761145275,0.269958494,4.576428127
377,178.7221378,0.644958515,0.218093381,1.287754324
378,75.44169094,0.852359496,0.287995031,145.3936766
379,64.8164108,0.918890216,0.313326672,111.5726007
380,85.85596467,0.868228685,0.289773185,128.5291374
381,80.997276,0.883173552,0.302165422,107.0863528
382,1.075509533,0.654620898,0.240376383,81.4956488
383,78.52406503,0.886572099,0.303725904,97.61569924
384,53.01790871,0.976016273,0.329937618,39.01821066
385,27.46133737,0.761644841,0.264734776,116.0500781
386,1.10758718,0.754599447,0.26853281,83.0159214
387,3.720542934,0.826045843,0.286566781,82.36417702
388,105.4019417,0.411589925,0.145874437,0.201918816
389,0.002384182,1.058970053,0.43763605,1.162150142
390,59.03007368,1.37937539,0.488575192,0.258629235
391,49.26161009,1.216613987,0.425436223,0.425986191
392,243.4598299,1.389287078,0.485834262,0.62369553
393,537.3513761,0.102344873,0.037837408,0.866472911
394,616.5045614,0.050703214,0.021415223,0.467271931
395,581.5598645,0.412462989,0.171006439,0.622308089
396,40.61421589,1.216851033,0.441964838,1.389610405
397,132.1937673,1.137856021,0.392069801,44.18373637
398,0.929020868,0.274277678,0.11611442,35.9234847
399,140.3481833,1.547076427,0.56252214,3.978246566
400,6.524501193,0.910804182,0.313302046,1.230427643
401,0,0.269637207,0.150541378,57.95835816
402,186.9595922,0.476674138,0.177645742,39.60606116
403,67.12663877,1.56774937,0.520704694,3.272837693
404,42.33778705,0.733501577,0.232386273,14.41073264
405,669.1671359,0.803822008,0.299448121,0.295787236
406,10.3583834,1.556868187,0.519701934,0.137401618
407,10.96869235,1.360387066,0.448362989,0.120584445
408,23.66835862,1.661855002,0.55192493,0.133723444
409,173.9947501,0.012547401,0.003878192,0.000822737
410,175.9232735,0.004395569,0.001032074,0.000329789
411,4.015663899,0.260249708,0.084596547,188.9577475
412,64.66404711,1.086980793,0.402688143,0.726851632
413,12.62896527,0.771672655,0.272982272,0.29611125
414,119.458503,1.441784277,0.50877452,2.93598237
415,110.4184256,1.485217168,0.527445965,1.895244353
416,378.3162433,1.048064229,0.419379292,1.235596953
417,289.5887288,1.288089739,0.508291202,0.720901548
418,0,0.301106345,0.15342885,59.82929576
419,0.000381732,0.036130036,0.014727272,121.2155886
420,0.000972459,0.019642551,0.007331868,142.1750461
421,0.000400304,0.029912577,0.011115979,144.6220667
422,94.52282496,0.69210373,0.24537728,1.002494596
423,171.4800504,2.168897816,0.704897523,3.412369341
424,93.90431002,0.321029549,0.110049618,0.191765142
425,319.9247457,0.290696257,0.119802072,0.134247156
426,0.44515644,0.067608992,0.021548597,104.4840602
427,128.2374599,1.136353633,0.482610056,0.706625982
428,11.49458824,1.05566695,0.380707885,0.155782985
429,3.234564189,0.40111755,0.122797445,114.818075
430,25.66484136,1.705202864,0.578328256,0.397138014
431,16.01679593,1.633730099,0.542386467,0.816451454
432,1.533741153,1.795116652,0.585129824,0.296389089
433,0.235102117,0.348576445,0.13222745,23.75186408
434,31.1938452,1.157432809,0.410492547,0.128066028
435,112.0616816,1.281368663,0.415454293,0.227345634
436,0.018223196,0.295611112,0.104681578,1.475520086
437,0.000819642,0.682949942,0.236983156,17.54588255
438,189.9163018,1.304189616,0.424546608,18.2969247
439,658.3399138,0.524657592,0.219785916,30.43176476
440,16.77903342,1.50848556,0.507996324,62.30483451
441,633.2220061,0.16288137,0.052736202,96.1057778
442,22.67152181,0.674924017,0.212381869,99.360781
443,0.003978528,0.767208396,0.329966876,6.409121496
444,241.9482523,0.905488901,0.307398989,3.881022644
445,446.4472546,0.83534183,0.302335545,1.415017542
446,52.46793961,1.045501369,0.348891673,0.197836824
447,74.80552781,0.991013992,0.34378268,0.158858171
448,254.7954707,0.674980444,0.248453787,29.9055793
449,274.4614707,0.681445706,0.242732411,27.08151935
450,257.3022782,0.698354852,0.24869725,30.74302654
451,259.8856835,0.698461422,0.254662088,30.37389913
452,270.7294204,0.684998047,0.253444774,29.06175835
453,278.8661655,0.6961524,0.254012854,29.78964159
454,215.50885,0.716045514,0.256082288,33.02575446
455,250.8722477,0.691818543,0.250360912,30.68317298
456,238.5258424,0.688195155,0.250644952,29.21692071
457,2.737267196,0.55469301,0.187618467,0.200678307
458,2.779333007,0.543709923,0.182234095,0.184430033
459,827.7874879,0.136701921,0.045339073,0.787522705
460,216.7114899,1.6768554,0.567679571,1.164789024
461,39.04443955,1.406615114,0.473768525,0.220938691
462,0.033023691,0.305400139,0.116458587,0.112276383
463,0.005363562,0.300218514,0.116391369,0.1276411
464,0,0.037727595,0.020812036,153.5483447
465,7.650870067,0.327453571,0.106627301,0.424745138
466,7.442692961,0.327274057,0.107903183,0.48818818
467,0.108932232,0.303975285,0.118875589,31.95962311
468,0,0.069935201,0.032264715,151.9895701
469,0,1.234696764,0.471830177,10.00787137
470,1.435765825,0.204376632,0.091847947,69.59634001
471,86.46311367,0.500464543,0.180542528,49.68694634
472,508.0242897,0.631617318,0.265070698,0.335826539
473,29.48947518,1.644521668,0.553435481,0.4785825
474,307.603293,0.942864333,0.33252412,0.216475766
475,26.44909292,1.708343781,0.563418277,0.492888909
476,246.0799796,0.999034016,0.341323968,0.151291592
477,28.59414103,1.763801629,0.587346874,0.386617965
478,87.05391571,1.181255042,0.426240804,11.0896742
479,2.21587066,0.655642899,0.200469294,10.30240373
480,2.284550605,0.920612581,0.296431541,133.8705935
481,10.91735058,1.235236115,0.402556321,4.939211806
482,318.3004585,0.900553272,0.328326172,0.529338278
483,0.56793128,0.378263778,0.117023757,137.0509121
484,3.034910145,1.556290545,0.537340374,0.2193861
485,0,0.016804719,0.017784003,60.05343189
486,177.9923922,1.091705173,0.416251853,0.66746221
487,13.92241848,1.52852332,0.508756549,0.371131508
488,10.26492363,0.373180353,0.118691567,15.61395406
489,0.00035225,0.148035577,0.062419986,148.9528227
490,0.033917546,0.266674864,0.097490403,128.0092925
491,0.042488514,0.258722672,0.094777629,140.3006534
492,0.012672658,0.259299828,0.100528923,126.6033022
493,0.024378491,0.28999457,0.106262147,124.2811668
494,0.000410619,0.251222798,0.096914028,143.387384
495,246.7679687,1.473217823,0.540537247,0.205833175
496,131.2226024,0.909101811,0.330421987,0.152447072
497,211.9998465,0.914434847,0.336437925,0.382546206
498,0.412076089,0.429595465,0.156274513,0.098119261
499,141.5295716,1.149602573,0.37810934,0.625679124
500,121.4449016,1.811483507,0.617538746,0.306867025
501,35.74991742,0.609108876,0.207974683,3.942310317
502,677.4575949,0.329253261,0.120054978,0.051225101
503,329.1591808,0.971476237,0.359320746,6.38205817
504,273.732459,1.113844502,0.401161255,0.403932275
505,1.398765827,0.801245461,0.256885782,87.2492655
506,2.459620881,0.630080414,0.217835339,30.4019962
507,108.7795605,0.99813239,0.353405865,116.502878
508,6.008192676,1.202774764,0.418841617,114.0109717
509,0.342397875,0.895194811,0.344780844,121.3449041
510,0.005584471,0.381161831,0.198683537,123.2913669
511,3.789412564,1.087740478,0.401723589,119.8071029
512,0.298769196,0.811789175,0.322206169,120.196341
513,0.56556891,0.99776134,0.40185713,36.19336704
514,6.907292498,1.125340432,0.42258206,120.5533221
515,127.0276193,1.169274469,0.445993968,38.31060305
516,7.264698638,1.096177353,0.404891965,116.505851
517,190.0021318,1.155407141,0.421528363,0.757710198
518,157.8382813,0.842147197,0.335586504,19.91400308
519,3.462118969,0.352595728,0.116462263,4.357594371
520,10.10232092,1.100619977,0.444932271,0.237245456
521,3.539866964,0.493781588,0.155682244,5.171155397
522,5.808896994,1.232234998,0.395097115,81.3094919
523,0,0.005280336,0.004098354,272.2294114
524,3.946151136,0.836926237,0.263075512,0.443905275
525,0.00878204,0.755591331,0.288087162,2.146744496
526,0,0.740486146,0.331975613,1.597094663
527,149.3223754,0.945349827,0.315973833,2.241170995
528,171.544541,1.606088208,0.594402562,29.51748506
529,0.040056883,0.364884572,0.121493638,108.9632656
530,0.051364614,0.383698989,0.121910493,108.4476904
531,0.008568856,0.313763368,0.108379898,64.36765107
532,0.056520044,0.385684098,0.126032029,96.21827998
533,0.021944006,0.38896843,0.127866447,100.5201309
534,0.098601593,0.385405603,0.125651923,107.0026084
535,0.090384711,0.379701684,0.123906377,115.4691611
536,0.795696325,0.413630555,0.130673105,56.88496046
537,0,0.447232752,0.210403584,44.26234012
538,2.208081147,0.689923806,0.221823566,0.423372584
539,40.78695801,0.539917603,0.2010451,0.371140866
540,0.359194202,0.29762934,0.097351518,0.906886234
541,186.2505626,0.230647385,0.10656045,0.022643267
542,282.5278113,0.35355595,0.123641803,2.970130815
543,258.4369564,0.419958922,0.151891279,0.099561861
544,303.0278929,0.278774955,0.097712887,2.64714052
545,213.1860279,0.950451884,0.327884287,17.24340998
546,169.5753288,1.037826631,0.362840635,18.90217822
547,93.10743595,1.276797126,0.439214568,5.215526332
548,9.967329026,1.708483747,0.582838912,2.335768416
549,0.009160776,0.003398065,0.00208275,132.149251
550,34.48630722,0.463585739,0.141836385,7.845593264
551,346.8347376,0.266056392,0.226818553,0.233320645
552,346.8295348,0.628079402,0.404658293,0.365300414
553,111.7495334,1.293000742,0.509381953,0.35761554
554,0,0.455618827,0.232963382,6.49169946
555,3.421777546,0.60752293,0.1945937,45.26633541
556,0.095348221,0.988045366,0.309106042,0.19138641
557,58.17429054,0.154303086,0.06257445,0.044215062
558,2.060846883,0.816050498,0.26884893,0.088649176
559,3.080160515,0.726947792,0.233817912,0.348591737
560,310.4665987,1.188609244,0.441809696,1.114044123
561,77.26624291,0.623494096,0.199426055,2.603650601
562,19.58046883,1.271832843,0.461314525,0.329108824
563,0.016566558,0.633888791,0.256976463,0.16698214
564,0.006145659,0.62029261,0.25610056,0.159471357
565,43.54893783,1.312621388,0.452269142,0.261056584
566,431.1552575,1.463829916,0.604386221,0.126038434
567,256.4924957,1.263803729,0.51635668,0.212255324
568,0.987427676,1.696526176,0.541828771,0.214829677
569,438.8931535,1.270946627,0.485795757,8.712811627
570,91.50640135,1.568379369,0.549363057,0.237847749
571,156.9264119,0.082054525,0.036841234,0.946340634
572,158.0421616,0.085772753,0.036969937,0.763959793
573,158.4081234,0.089603654,0.038128264,0.845621775
574,168.9926881,0.100251306,0.040637973,0.889369265
575,171.1981566,0.097687983,0.038997009,0.820713783
576,170.2590586,0.101438303,0.041432661,0.087415401
577,205.5900899,1.682272698,0.625890008,1.975742211
578,183.7695945,0.079239138,0.03365572,2.600215093
579,188.0296005,0.028380973,0.011792282,2.384758678
580,0,0.000675936,0.000717916,145.6389753
581,0,0.000637691,0.000714923,144.9109402
582,11.15715587,0.986116813,0.326603362,102.6872922
583,15.06946722,0.980199587,0.330091359,102.3745599
584,11.71787284,0.992165534,0.328038615,104.8672757
585,411.6675119,0.101021886,0.042767681,0.399440107
586,4.860370552,0.482810009,0.166212821,0.140485101
587,30.40103192,0.386337308,0.124307805,23.92430551
588,666.1628808,0.244707562,0.088564255,0.489018687
589,258.1914083,0.418377034,0.162750323,0.035739668
590,2.30167978,0.26099068,0.087689649,158.2122727
591,2.524932145,0.245238675,0.084397228,157.3713522
592,0.07819624,0.016104778,0.00616869,207.4360752
593,0.04687119,0.015568405,0.006032863,204.9109437
594,103.7409093,1.18419996,0.407116261,0.219352296
595,579.669888,0.607531656,0.23942184,0.08419651
596,1.385873434,1.646653995,0.626340292,1.039442343
597,18.78119222,1.002571259,0.338877968,0.439444767
598,0.045216013,0.476754813,0.18416113,0.20929064
599,0.049764433,0.298168283,0.113610751,0.113818849
600,3.151163046,1.942306571,0.674955365,9.377532608
601,624.4975155,0.266758949,0.09397005,26.74222019
602,61.0334513,1.51049396,0.5101959,0.224938851
603,383.6010436,0.89599013,0.369465709,0.205855916
604,0.42438433,1.467380316,0.484202131,0.205192316
605,5.775953131,0.986659321,0.381683849,0.141625398
606,5.762974387,0.985476903,0.382540982,0.135322812
607,48.52302949,0.321459919,0.107049136,40.50118937
608,9.388439423,1.286299041,0.421888524,0.155748166
609,22.9722843,1.250764101,0.408283259,0.150796839
610,175.3409605,0.716431196,0.247537333,0.076588055
611,2.722249296,1.677165046,0.560915044,0.209385173
612,100.7362525,1.882618976,0.665419539,0.526788853
613,361.2663258,0.073628032,0.052615581,0.092383993
614,74.91507535,2.203939294,0.70583193,0.566067378
615,48.77103306,1.968418024,0.879884947,0.146488863
616,0,0.02132567,0.012576327,131.0493434
617,22.46220621,0.501289661,0.172546612,46.74423031
618,171.4550617,1.320250075,0.42928488,0.307188137
619,7.380847019,0.288839223,0.095595933,0.034124929
620,209.971353,0.990049457,0.382153785,15.08086514
621,84.95868193,0.980872026,0.31350222,10.68859765
622,34.20525698,1.298996431,0.406825185,24.57357517
623,99.46029025,1.565830957,0.512006723,4.177065238
624,257.467293,0.324342332,0.126540758,0.62102332
625,17.01896847,1.057129972,0.351524656,19.78971725
626,285.7296543,0.617935692,0.232197741,0.219658815
627,339.3987835,0.520252429,0.1887707,0.195947337
628,159.8187672,0.228253766,0.106319003,0.025797675
629,5.529535084,1.116173865,0.377152848,50.4339405
630,187.3954835,0.026482653,0.011872387,2.595196365
631,178.261565,0.101044328,0.03960634,2.010688323
632,3.92827148,0.6738187,0.215094727,1.616665231
633,3.30242216,0.589107161,0.18986667,0.569404681
634,3.878161306,0.677733314,0.217662247,1.627920722
635,3.386407465,0.593786294,0.185278205,0.642049341
636,4.133517258,0.700438075,0.22095098,0.972925891
637,3.172444903,0.597847427,0.187900185,0.594897024
638,9.941216266,0.547601091,0.191057808,34.89164286
639,54.49023778,1.268602277,0.464753445,1.621689117
640,566.9755743,0.096840506,0.034693542,0.007933254
641,0,0.140459943,0.067049102,7.300998672
642,21.40268481,1.538858971,0.518976204,0.605890996
643,83.56506584,2.183201754,0.711470237,0.874633319
644,6.352430941,1.156373961,0.394337559,62.91041157
645,0.149856579,0.236902498,0.080466082,127.1508841
646,648.6192742,0.147115926,0.045957964,101.7139169
647,44.65101245,1.390255504,0.468569841,0.244263121
648,45.04782185,1.386618273,0.463116825,0.302691346
649,7.651511751,1.251146688,0.391659955,18.20984761
650,1.867351426,0.940019683,0.295928121,26.5328764
651,6.963649792,0.221839297,0.080061886,0.766050548
652,6.555278583,0.228525438,0.081580675,0.860707482
653,8.262031502,0.224151706,0.078437153,1.509212452
654,29.47311211,0.545110382,0.170603418,1.902202503
655,30.2884778,0.540836571,0.172404268,1.935538259
656,10.39651489,0.448218332,0.137623996,1.920110242
657,230.5567327,0.809589561,0.264309387,7.575152079
658,186.1412952,0.79130044,0.328699445,1.377619489
659,184.3077474,0.782931081,0.311900562,1.529785123
660,0.002375186,0.696779474,0.357526002,0.4168365
661,77.94799142,1.167446171,0.375202797,81.40927244
662,0.580476982,0.332717516,0.121806094,0.092751086
663,0.652773194,0.335687569,0.125709611,0.08834423
664,0.389362109,0.331536651,0.121029478,0.087918502
665,0.533954532,0.34110881,0.122071778,0.093671578
666,0.152417015,0.753661064,0.239133383,15.77001823
667,0.130703976,0.749713718,0.238274542,16.62431796
668,0.023278687,0.197416567,0.07111607,166.6112498
669,0.006454124,0.165402068,0.060511787,165.6758934
670,46.59632675,1.323135785,0.459154408,0.188660682
671,0.013817772,0.18406693,0.068051882,159.057644
672,0.005392507,0.143381623,0.052279259,161.5507462
673,245.2155653,0.245161523,0.08364429,0.034872686
674,249.9642552,0.227454402,0.084692205,0.03289417
675,248.2150449,0.21762871,0.079081,0.026149316
676,246.8178738,0.222839354,0.081417477,0.034267332
677,316.1282638,0.160002015,0.063685094,0.182692069
678,53.44218094,0.363316095,0.124392111,27.58911829
679,81.35181198,0.470557853,0.157181736,10.4799052
680,21.30378663,1.187749614,0.407516689,105.4670782
681,9.443030172,0.423862137,0.166375786,34.61522231
682,104.9868172,0.624468962,0.21164577,0.074723998
683,3.144455374,0.209445543,0.0761487,103.4579156
684,5.041607118,0.373511016,0.13363927,0.10158781
685,0.474239188,1.484661805,0.481345022,0.180537652
686,1.337691842,1.493669657,0.490730134,0.163351939
687,1.181899904,1.438186491,0.489811296,0.231124115
688,193.9371763,0.593601392,0.257565676,36.89650109
689,0.01900994,0.014013279,0.004900499,91.94913337
690,34.13151068,1.531334331,0.508914867,1.638506498
691,171.6909169,1.316838048,0.514992525,0.697904375
692,27.62306487,0.91557975,0.343841889,40.05240338
693,0,0.037195789,0.025567343,50.63198012
694,275.7754763,0.746972057,0.310864138,1.297326105
695,292.4663989,0.702157967,0.295896083,1.750115418
696,305.5119993,0.712422351,0.297245827,1.033922994
697,411.0700921,0.339883103,0.122163905,0.04511784
698,27.7704231,1.323600485,0.428641319,37.72899403
699,15.33390879,1.65628353,0.55389288,0.198742885
700,0.2828942,1.305113879,0.51379211,1.589601919
701,0.373536234,1.319115923,0.50917393,1.938270217
702,3.741984586,1.266054343,0.497224062,1.104645095
703,195.6603326,1.594309909,0.625985192,0.48974991
704,73.64264255,1.70507854,0.552965253,11.6486978
705,499.9310177,0.039145346,0.015265378,0.014143518
706,422.6428362,0.024204436,0.01122773,0.012072916
707,68.46438231,1.393210753,0.470993404,0.246894584
708,56.59030715,1.395900788,0.464371885,0.243410332
709,66.78515082,1.306409768,0.438232032,0.261903669
710,60.92500364,1.342175866,0.459048703,0.28122543
711,97.68994409,1.359452709,0.465540388,0.252693549
712,63.70026664,1.388967318,0.468050506,0.264730056
713,53.82843132,1.383663024,0.462034878,0.273696522
714,61.06694916,1.427444286,0.487917709,7.462047946
715,27.58153078,1.235693209,0.496462208,2.397375918
716,2.965524597,1.446745011,0.556806056,1.422758673
717,525.2408548,1.162493667,0.420017664,2.655338684
718,23.9189018,1.627978939,0.536405559,0.361633839
719,286.9615165,0.40010873,0.161958538,0.977565253
720,0,0.106626108,0.0525033,40.02630954
721,2.700298681,0.681453937,0.231342685,0.251587413
722,0.680440557,1.227346758,0.491300971,0.298465717
723,61.56818172,1.320111798,0.448460544,5.847345187
724,217.8621537,0.811117963,0.45544276,0.156078792
725,632.578578,0.500883765,0.252446313,0.151126326
726,189.2051271,0.041998175,0.018195943,2.490748871
727,0.025839068,0.429518984,0.153374128,61.06621318
728,33.24530026,1.596367073,0.52556067,1.440731631
729,4.89295372,1.694541611,0.555043208,54.71332553
730,18.79243072,1.207467865,0.429401904,87.60275482
731,74.06767574,0.412704892,0.133783601,0.554391112
732,0.000609554,0.571355297,0.236178572,0.300831648
733,104.3750627,0.363826561,0.124070702,35.02873989
734,79.96229257,1.113038767,0.37711853,2.128654601
735,0.419998844,0.339659567,0.123461512,0.102220648
736,0.635590686,0.341985513,0.127221969,0.093107776
737,0.034201745,0.058797486,0.017349413,93.51979475
738,248.5639184,0.920961837,0.325037932,9.355409953
739,0.216350773,0.086992067,0.029257887,78.06134195
740,1.040664203,0.748474654,0.248991684,0.072254649
741,189.3553423,0.714130449,0.251005804,99.01487711
742,202.429876,0.701913199,0.251609148,99.54056631
743,0.089866757,0.452405267,0.153746825,0.096022047
744,222.3791861,1.38603253,0.528610098,21.55990127
745,4.215947615,0.778636148,0.271323005,0.083819801
746,0.076891091,0.935432602,0.411507877,0.151329997
747,59.06530639,1.057430273,0.4495427,0.398063825
748,87.15161919,1.130042642,0.399898694,0.184040296
749,65.27326705,1.415877667,0.506644669,30.38168872
750,57.53584515,0.134880856,0.044742618,7.379469191
751,49.49321625,1.449261165,0.529036119,9.932581777
752,0.100280368,0.095206313,0.034333179,109.4399028
753,39.15277818,0.254885566,0.080816156,5.456370732
754,39.13656511,0.903898026,0.272988006,47.65266662
755,368.1874174,0.002928637,0.001084118,0.00013951
756,366.8887631,0.012650087,0.00458427,0.000741148
757,0.002211103,1.191996105,0.501931112,0.084421077
758,604.5069845,0.207241714,0.089543456,1.031323078
759,578.1438718,0.312284762,0.132690665,1.985929372
760,115.1316216,1.248058182,0.404375126,86.5228497
761,0.330774384,0.655532753,0.212890346,0.64911029
762,334.261795,0.058265199,0.050617482,0.017374617
763,5.349342721,1.737884604,0.55647985,5.933270103
764,6.050600355,1.742009484,0.558752554,6.507497801
765,0,0.0032392,0.003268952,99.10373262
766,0,0.17272877,0.061999492,0.234922731
767,261.2832653,0.967562633,0.333652705,33.22283781
768,657.0950023,0.153351865,0.05414601,38.23489583
769,380.9683498,0.673672843,0.253024724,37.79790628
770,0.000499257,0.03339431,0.012941648,139.0707646
771,649.7586583,0.184343266,0.067893778,0.975584959
772,0,0.244025272,0.143935061,56.68440186
773,251.8385585,0.408085031,0.148068314,2.800711788
774,1.529069679,0.58853107,0.193901621,196.8240467
775,48.94939291,1.785983045,0.587407991,3.862331175
776,0.001731975,0.140178899,0.050978385,32.56122471
777,63.91079159,0.549385219,0.205397467,34.26213221
778,175.8534276,0.863596469,0.320358298,10.94019093
779,0.372709546,0.274601001,0.088591013,89.40764234
780,22.24326955,0.8501759,0.28804494,136.1893426
781,0.683234316,1.22094617,0.507976986,85.75305929
782,5.189098541,0.886953931,0.297114887,0.107908948
783,80.04830522,1.156271082,0.370983435,81.62754737
784,100.1804635,0.965165899,0.333630955,48.79456109
785,108.5595191,0.74537119,0.273236493,49.42492414
786,0.078741459,0.756132937,0.29955541,6.175018056
787,0.032913291,0.510868697,0.175945937,15.45666023
788,0.000876243,0.391282198,0.136253319,21.07585882
789,169.7308169,0.45916844,0.184836081,3.39285982
790,1.178200427,0.3124008,0.10434347,37.05596523
791,1.482926622,0.335768983,0.112388537,36.90144223
792,0.63553833,0.123268616,0.04014568,34.19947308
793,0.560061513,0.11250124,0.036434238,89.42207639
794,13.19350058,1.192389408,0.427725918,0.309153703
795,0.41436362,0.426937978,0.129100557,43.77781644
796,0.434691446,0.416897598,0.127879213,43.36160164
797,10.35439891,1.084342893,0.351608102,35.71351363
798,171.5409332,0.125338123,0.045768271,2.871398486
799,171.42667,0.118697323,0.046958161,2.497566761
800,181.569131,0.091613276,0.037439041,1.393991585
801,174.0336576,0.110977625,0.04415342,2.653822441
802,35.69841893,0.310541457,0.108427756,0.058160565
803,80.86443396,1.234434051,0.51655046,1.472292276
804,0.001956289,0.345943243,0.136734693,0.416220522
805,188.1192908,0.031265712,0.013863636,1.889632716
806,110.9736107,0.938552584,0.341846086,6.324456655
807,60.12003363,0.316327014,0.116187853,8.424358055
808,0.008443476,0.005084898,0.003006868,118.6351048
809,20.78774645,1.264390155,0.404181997,1.176922743
810,109.2636849,0.031837164,0.012298975,53.1558615
811,109.2296251,0.029112918,0.011822581,52.36363304
812,88.99004986,0.95759258,0.303226061,64.1958258
813,148.0131892,0.818156037,0.284967858,0.129134114
814,172.9846009,0.80374592,0.284665576,0.204566373
815,185.8314213,0.823415187,0.282779497,0.141879382
816,738.3976533,0.227086863,0.075094355,1.228761804
817,0.019917706,0.24396499,0.116151865,172.0916904
818,0.094679235,0.392189436,0.175660242,167.622442
819,0.080372151,0.563017568,0.216829782,150.6056178
820,0.002805311,0.262140831,0.120077826,156.6247918
821,136.6008858,0.950515966,0.355352553,50.84404753
822,1.554843436,0.54313871,0.208845226,63.2725802
823,16.86861356,0.54313871,0.194388139,66.28747894
824,0,0.22402286,0.107593552,173.7641908
825,0.001631034,0.229920651,0.106726554,160.6661408
826,13.53638273,1.190685771,0.385265639,74.57576177
827,189.9579102,0.738427192,0.260941392,30.68416345
828,0.927190862,0.192151702,0.0646893,0.018481432
829,199.7931986,1.365325109,0.478870378,5.337166766
830,2.988289117,0.9879047,0.341488483,41.4177622
831,31.35547041,1.732199809,0.582953516,0.227688082
832,247.8732619,0.93573508,0.326599316,23.13609196
833,170.429267,0.731864442,0.263109813,0.070105065
834,241.6788036,0.58021989,0.205586856,51.1466005
835,134.4416284,0.801959824,0.278188824,0.226194616
836,133.281053,0.802708095,0.28039686,0.192830843
837,237.8887866,0.671681705,0.255746026,0.08682783
838,0.493192274,1.486617342,0.494539673,0.172787372
839,0.465998715,1.495212609,0.485293028,0.175127079
840,0.442925393,1.494757833,0.481345022,0.172845865
841,0.447457652,1.488754789,0.487059241,0.180186696
842,0.167719436,0.333542817,0.111455152,31.86521023
843,185.4274354,1.116045081,0.423751602,2.631628343
844,0.144024046,0.751475531,0.251355576,36.05034819
845,69.85699368,1.251106737,0.407606889,0.221207094
846,0,0.008611081,0.00377361,127.8029231
847,31.99381191,1.2379647,0.4187779,14.86015319
848,0.459698089,0.715630227,0.22780267,1.163021501
849,354.8336665,0.305302348,0.108976119,8.915114317
850,46.7630249,0.964644602,0.323223277,78.60574642
851,53.75635497,0.963992573,0.352625003,27.57572985
852,144.9115662,0.16051866,0.057605831,0.011920189
853,381.6557814,0.303536788,0.11744651,0.108971837
854,334.755031,0.320720242,0.109144811,0.152473617
855,12.65031364,0.498039217,0.216897236,117.5317994
856,24.77934479,0.582789634,0.240030622,116.1977771
857,0.000383103,0.536538492,0.195547097,15.91135884
858,151.2877297,0.259373239,0.094006534,34.21142096
859,323.7169781,0.000589732,0.000183717,3.44775E-05
860,323.7568072,0.000393155,0.000142891,0.000022985
861,367.919874,0.004881062,0.001378379,0.000340056
862,0.322700605,0.651720834,0.275209994,0.676018995
863,80.34465559,1.631703274,0.544838453,20.79209455
864,90.9280106,0.728837528,0.251926665,49.66403366
865,0,0.250864324,0.125698514,0.179361989
866,0,0.084879881,0.040576208,0.135115122
867,16.97110728,0.796892941,0.313491036,53.83199714
868,22.17562908,0.809635055,0.317234344,52.03957538
869,93.20067628,1.014911311,0.317832571,71.66405602
870,379.2814966,0.994074436,0.497277084,0.638472137
871,34.13097433,2.065660569,0.748968811,0.695148984
872,25.76636203,1.468734517,0.522066995,0.209104346
873,3.727780472,1.613970329,0.597351984,0.691725275
874,525.3808109,0.281257312,0.122130173,0.069604964
875,3.364055339,1.075341681,0.350225685,57.116305
876,9.000431711,1.356926693,0.43595407,88.55210451
877,385.1331135,1.198844213,0.410753506,4.560253722
878,387.2528044,1.19034907,0.418188453,3.908674584
879,383.7650814,1.203869509,0.419500502,3.627867676
880,390.7194974,1.183529025,0.423737329,4.097023122
881,404.9301202,1.155291647,0.405286632,3.822571956
882,413.8901882,1.154430168,0.407555385,3.326639286
883,12.87668312,2.091268005,0.744147341,3.153745362
884,0.014869615,0.840057064,0.332766929,0.322976223
885,0,0.381846764,0.143553251,33.01056337
886,194.3858638,0.055293821,0.020921803,18.8665787
887,0,0.476527952,0.223884675,51.57701774
888,24.04231334,0.672838018,0.21781482,0.330729652
889,0.097979144,0.224313681,0.071666982,67.61024192
890,0.073666898,0.28500133,0.088222609,6.73462816
891,0.070264882,0.341684645,0.109659405,0.400390359
892,109.6803044,0.535068541,0.165437242,36.77755336
893,696.7886577,0.744797809,0.266130281,0.082354355
894,25.27435373,2.245740801,0.735824041,2.167141167
895,383.840127,0.33703502,0.146721051,0.254666923
896,255.7467477,0.704855637,0.250614519,22.06905224
897,274.5639766,0.717963778,0.252927416,20.93077805
898,235.9041382,0.724464563,0.260566061,23.78656381
899,330.057302,0.47415507,0.188702175,0.517835528
900,0.099960125,0.944367337,0.307293885,1.766975509
901,406.9265258,0.630850386,0.239177453,0.410765474
902,386.6835873,0.526016169,0.218548797,0.301853655
903,30.3381189,0.779962813,0.256746081,0.206751966
904,3.085914996,1.733510372,0.577565889,0.223985872
905,0.002334977,0.467815488,0.205092486,0.132482943
906,0.431970781,0.54938574,0.215641501,0.206845762
907,1.513843549,0.566911102,0.224227909,0.165990409
908,55.07419569,0.679975657,0.234061813,0.371951142
909,301.8346529,0.150312988,0.065132948,0.235989341
910,222.1010518,0.189352275,0.075027608,0.033665861
911,233.5809161,0.239590587,0.094423197,0.081479709
912,9.739008262,1.173309417,0.387772906,0.450326292
913,72.6816483,0.490365246,0.188034436,38.19049976
914,66.21492809,0.49061391,0.187466356,39.43257533
915,15.95693383,0.120163726,0.040794073,70.21133354
916,203.5924242,0.803715181,0.294855722,0.455178728
917,330.6634772,1.582403923,0.660035441,0.755734425
918,189.2385376,0.728736933,0.257013813,1.079147927
919,59.22308348,0.674459333,0.242598882,0.895124789
920,164.615278,0.970615534,0.417387669,0.434464703
921,282.8920293,1.296653974,0.486904268,0.441252886
922,64.37025798,1.490125836,0.503481205,0.461879902
923,10.27262195,1.709740608,0.562939354,0.394710513
924,36.28760635,1.179663116,0.43134085,0.263712627
925,332.9969841,0.552538795,0.197658067,90.07695655
926,11.18601224,1.229114197,0.42180073,63.50606324
927,4.591726069,1.335512412,0.475532976,0.39411049
928,38.32232482,1.365779188,0.498885412,0.327751183
929,197.5978776,1.241131363,0.431094258,0.304972748
930,110.5573892,0.863995757,0.293128908,0.40635456
931,28.37507852,0.670868206,0.209668101,0.459576473
932,0,0.005853545,0.001404518,120.9421871
933,9.187946276,0.33905966,0.122170773,132.9489887
934,7.276327136,1.510756354,0.472868166,2.883527642
935,5.085586247,1.459105742,0.455783826,3.815002791
936,0.495252392,1.516950903,0.491526721,0.170681636
937,0.521621904,1.525409737,0.48970856,0.169862738
938,0.469294904,1.484297984,0.487526768,0.173489284
939,7.196664058,0.66197501,0.264621703,49.97596003
940,207.7013945,1.25749085,0.43998448,7.489170764
941,81.55588512,1.722014443,0.591883679,1.656216469
942,71.59551882,0.413115138,0.143601374,39.27335926
943,0.175246877,0.3465636,0.132017125,39.14318641
944,1.851512726,0.41796291,0.139788145,44.28264751
945,93.78597007,0.775741429,0.294466446,6.022293453
946,89.78435485,0.016379589,0.006287979,46.42828747
947,45.05022468,1.395143032,0.481466656,0.339946041
948,0.384878996,0.76411734,0.263750558,3.488581472
949,0.465318934,1.600537298,0.520267911,1.033494259
950,0.104772428,2.759391755,1.027666737,0.365321011
951,44.56510274,1.198721038,0.421430414,17.07767123
952,45.0313348,1.189434604,0.422540953,16.16090874
953,0.063576529,0.076781349,0.035419165,66.73900025
954,18.54862241,1.357294454,0.469447557,4.324348563
955,13.51966494,1.849374158,0.617431694,0.279243101
956,5.918939888,1.609315704,0.520271754,1.873004169
957,0.049478997,0.364188051,0.129154935,0.192559983
958,0.009323518,0.251928037,0.088097038,0.682282843
959,0.005956692,0.245924987,0.089729674,0.859407249
960,14.23079768,1.513235819,0.507691218,0.235742133
961,74.88278513,0.990324278,0.338840804,0.157527521
962,24.30302044,1.122680168,0.377174342,2.1500619
963,0.061960382,0.043744958,0.016675955,33.29901996
964,1.163505172,0.887971348,0.323978082,2.606894986
965,46.80728304,0.80221723,0.308261171,130.6228549
966,16.38041141,1.192161574,0.422645007,0.370210257
967,4.845541071,1.219066669,0.435038498,0.177817641
968,7.222110759,0.721656635,0.223230686,90.95206673
969,0,0.322099213,0.199648743,0.061604834
970,66.52581557,1.333950588,0.43493593,0.24342269
971,0.708464017,1.632465478,0.584874484,0.241853497
972,46.90238069,0.518057753,0.173267103,39.84508389
973,27.61986326,0.725925032,0.220315046,69.94804814
974,2.581394013,0.338801882,0.122069701,173.3227147
975,0.074124887,1.014370918,0.380316882,18.86736551
976,6.880429088,0.347018367,0.111947216,6.297103772
977,12.56358463,0.34181277,0.110953845,2.807801339
978,230.6566743,0.227349827,0.067069945,104.1750387
979,7.361575285,0.236553001,0.105404899,11.44632459
980,5.087841924,1.751626715,0.828296946,0.162717742
981,127.0437939,1.987391085,0.859694197,0.150992913
982,60.35309586,1.942107725,0.86418103,0.147847228
983,72.31822822,2.061875173,0.887715741,0.151374209
984,20.05098237,0.305224151,0.113345427,71.50810909
985,17.62812702,1.492083207,0.481070403,15.93246264
986,0,1.283969927,0.519048292,1.262994896
987,570.2898373,0.598556464,0.233545029,47.83993027
988,561.872146,0.600692796,0.240021094,50.03599397
989,0.392562596,1.160993079,0.429924807,1.065477937
990,0.000267927,0.590035947,0.222981276,53.86794245
991,190.756927,1.294419946,0.423014724,0.568732677
992,0.029128292,0.087253435,0.036724602,36.13303041
993,48.68538969,0.884621995,0.363004354,0.392657053
994,0.906462605,0.790061167,0.313873305,71.07210787
995,10.65922833,1.004443764,0.340768615,2.239408036
996,5.198307613,0.587243082,0.182791192,50.60830932
997,103.7786295,0.640632245,0.247105344,26.64134423
998,0,0.602199944,0.28331839,2.924013648
999,7.276337399,0.28213647,0.098306966,0.278715387
1000,0.206966022,0.498396614,0.189395483,0.177312034
1001,0.380842143,0.5033647,0.191598057,0.167931448
1002,0.170176629,0.489481281,0.190457901,0.161716628
1003,13.07280789,1.320385905,0.458778016,0.168126793
1004,64.21560993,0.983401168,0.379024016,0.912527193
1005,594.3138378,1.030521172,0.391209913,0.434282434
1006,50.3180059,1.367514424,0.441453433,54.38417647
1007,16.00619167,1.550538294,0.521518276,0.416911883
1008,42.81747715,1.512239381,0.499043254,1.501599932
1009,12.1536419,1.5202493,0.496433004,25.44705154
1010,0.273963887,1.247615084,0.512415291,1.678039189
1011,0.98839729,0.614553487,0.213980732,0.289484037
1012,89.64630482,0.333360959,0.153372278,0.180703008
1013,451.6783714,1.321748767,0.479587082,0.413038597
1014,25.05138184,0.752961243,0.245985522,0.7866635
1015,0.013834676,1.044608243,0.450106134,0.265667957
1016,102.2980908,1.01825444,0.425076012,0.173988616
1017,4.868640776,1.502394716,0.58461025,0.342870947
1018,84.49537368,1.250467522,0.428789621,0.161899357
1019,0.041887226,0.205676728,0.063944024,36.73885719
1020,4.018010098,0.238368323,0.070867525,88.21158668
1021,27.46440063,1.043986754,0.345621277,57.11989603
1022,567.5650748,0.398146314,0.226820429,0.117551454
1023,60.62420384,0.365705102,0.149264256,38.23372843
1024,99.26752654,0.294985976,0.095357225,3.221446697
1025,110.8943852,0.245380587,0.078160247,2.530431232
1026,311.7892739,0.44625764,0.156252917,0.141359057
1027,3.184423978,1.166919166,0.465273881,0.207885188
1028,28.16486724,1.204330142,0.474116683,0.151501679
1029,3.647337218,0.139944208,0.040498461,181.3841484
1030,70.36055496,0.191863697,0.081067981,0.012362127
1031,3.055185808,1.000267614,0.322143716,0.44881332
1032,0.669315446,1.29447779,0.431828804,0.197905958
1033,12.79608235,0.961009057,0.300364155,65.16618497
1034,9.644492433,0.76557025,0.248825266,156.1654372
1035,9.080650324,0.807439668,0.270039243,142.7434594
1036,10.6401168,0.782598907,0.252060317,140.5818808
1037,27.06507247,1.102438998,0.346699769,49.1397206
1038,0.129034033,0.3110366,0.120175351,0.110675538
1039,1.750900002,0.362244821,0.130736646,0.113156848
1040,0.035440059,0.304191056,0.120967448,0.121309721
1041,7.165174458,0.373695548,0.130574164,0.115912587
1042,14.80830644,0.400082006,0.141947866,0.11353419
1043,6.281106079,0.37431787,0.135367367,0.126066516
1044,3.190112813,0.344126251,0.112552139,4.77988214
1045,0.351983245,0.258796261,0.084332952,0.070722794
1046,13.06916126,0.732698379,0.225903159,119.3286406
1047,0.000966547,0.264095731,0.10565357,0.115192207
1048,0.022230582,0.301026104,0.116560138,0.115432334
1049,0.000483274,0.2446615,0.100860367,0.113831489
1050,0.850883597,0.345708833,0.128522836,0.114643346
1051,3.069270194,0.368379139,0.134737752,0.107062203
1052,0.466842231,0.335573872,0.125516929,0.12133259
1053,0.001288729,0.268949843,0.108761028,0.126626812
1054,0.007893468,0.295745256,0.114711912,0.128948037
1055,0.000161091,0.251898217,0.102769524,0.13566015
1056,0.361005328,0.339058876,0.123628082,0.132973017
1057,1.275197757,0.356021599,0.132503632,0.111121488
1058,0.204263612,0.330577515,0.126369956,0.121915755
1059,0.300526438,0.665217476,0.204368246,4.047607187
1060,271.2896509,0.574259006,0.218298061,59.05136475
1061,178.7527178,0.770746605,0.291434056,60.3045968
1062,42.49067919,0.243036554,0.109004688,100.0379904
1063,43.1740252,0.267766107,0.114340362,97.73874618
1064,40.94400204,0.248092374,0.108784983,101.8628535
1065,34.26637964,0.218334478,0.101440585,102.6754117
1066,88.00964545,1.067760286,0.362356039,102.0951587
1067,0.008661679,0.663175287,0.283893609,26.34392709
1068,5.072658219,0.617631611,0.217743143,7.386725904
1069,3.307674005,0.654164809,0.232683719,59.12123123
1070,0,0.036683835,0.022946682,24.34642936
1071,0,0.456087041,0.206000881,79.0036877
1072,5.337478383,1.649233088,0.545404396,0.217739389
1073,3.499978561,1.655542058,0.55227572,0.201950689
1074,130.0743802,0.308385036,0.116639863,89.74153505
1075,2.087666318,0.371356801,0.124183293,14.89085052
1076,3.459379972,0.544883545,0.204988803,64.14727768
1077,13.91399174,1.232677914,0.472396254,0.193338099
1078,2.924516033,0.404874884,0.154900128,174.7243169
1079,2.629059097,0.366411585,0.126362716,16.07792133
1080,9.05322067,1.011922895,0.382114165,1.141388122
1081,0,0.367265679,0.186935233,11.61480715
1082,26.82635295,0.887834884,0.287408446,52.73064064
1083,0.007835888,0.40746757,0.156656195,26.60978954
1084,6.316812448,0.587501264,0.241457849,0.79980758
1085,627.9206572,0.16252864,0.055077024,99.6788359
1086,634.3160831,0.157922798,0.050013226,98.029991
1087,0,0.570142413,0.248199183,34.94051236
1088,5.349301733,0.373717142,0.117880848,21.05897433
1089,27.34204312,2.084877989,0.687198121,2.471999143
1090,80.25159125,1.387063436,0.494526297,1.069308961
1091,74.48752853,1.508894946,0.500737667,15.72374989
1092,341.9521668,0.174776436,0.072020103,0.031279618
1093,181.355935,1.328657084,0.457294296,5.538870989
1094,0.997926178,0.959300203,0.312500222,65.71265051
1095,1.021076336,0.964444726,0.30864748,63.33267823
1096,43.01132903,0.631695782,0.219640444,64.35057456
1097,11.03726725,1.052040163,0.356370799,0.097704436
1098,188.5488734,0.038640603,0.015442031,2.246637582
1099,179.0903408,0.084014618,0.033407918,2.642580535
1100,5.963937315,1.367259946,0.422641099,42.28017143
1101,149.0135568,0.526411241,0.179292093,60.21367703
1102,204.953915,0.085300034,0.043922027,0.01002579
1103,70.24956433,1.1918581,0.422820389,0.523961915
1104,230.154204,0.41456565,0.144058737,14.78758902
1105,67.90088463,0.983316498,0.334210454,54.26844873
1106,443.3010393,0.107006755,0.037568687,4.037735196
1107,573.7471587,0.280751433,0.115753835,1.03822046
1108,503.2244375,0.468678404,0.201261297,2.286170705
1109,322.0482861,1.060626894,0.417198562,0.167009319
1110,4.786028778,0.365767889,0.116323665,21.53328428
1111,11.96420757,1.512357754,0.494747604,84.39258432
1112,0.110789389,0.91513865,0.300872056,0.418605429
1113,103.0205522,0.276620054,0.115665715,146.2911567
1114,0,0.018341706,0.015075907,43.35850116
1115,402.1373891,0.224795757,0.084542226,0.088586173
1116,407.7155807,0.202769845,0.078957349,0.076782244
1117,322.3579128,0.871255763,0.379862238,0.162891642
1118,427.1410721,0.134784478,0.050062475,0.15376036
1119,406.5584922,0.198265273,0.071358253,0.192728792
1120,416.6757179,0.174123334,0.063887335,0.149616098
1121,418.7599875,0.170388227,0.063173204,0.119853701
1122,426.1671252,0.140298971,0.053431712,0.111142504
1123,413.9046312,0.187845446,0.070094789,0.077503881
1124,379.4076527,0.295570432,0.107211335,0.156605674
1125,411.1743557,0.197127107,0.073079494,0.079905904
1126,268.1459292,0.78418486,0.32871299,1.057094392
1127,275.6155321,0.759405719,0.327403537,0.770553908
1128,226.8569913,0.906105288,0.371058685,0.514681785
1129,240.5874279,0.873195767,0.360160007,0.599076487
1130,249.0289995,0.848504808,0.349684383,0.537558296
1131,327.1145759,0.417594629,0.153629907,0.592175837
1132,377.2188138,0.294833029,0.110653817,0.145275964
1133,379.9175734,0.29039258,0.109243864,0.15318305
1134,224.4260669,0.366083232,0.114471033,26.3080223
1135,54.20968147,1.454201194,0.487307433,0.808235775
1136,124.4859713,1.523900665,0.573796044,0.190893074
1137,0.085249314,0.766817194,0.26342634,0.3930535
1138,0.004231791,0.96550407,0.408015137,0.310234297
1139,0,0.915411533,0.438475171,0.138701124
1140,265.8892208,0.992210596,0.366328811,0.450903299
1141,9.961807485,1.298288356,0.454689052,0.630311659
1142,280.2826989,0.726597782,0.275578215,130.7594311
1143,16.34986082,0.716108478,0.257458106,140.3470967
1144,74.62106404,0.91123508,0.311900134,76.6844251
1145,0.001079483,1.033714785,0.410831176,0.323093004
1146,0.010109504,0.358816873,0.133048022,0.052034819
1147,0.300692942,0.38310804,0.137155047,0.05375214
1148,0.008640602,0.350529074,0.125825321,0.050611896
1149,0.003888271,0.345026128,0.128701329,0.052090019
1150,25.95975826,0.874299951,0.312714485,64.74551743
1151,338.0297235,0.012277498,0.004913832,0.001857783
1152,47.89048406,0.674038046,0.223832305,22.85935844
1153,32.03353747,1.478072253,0.504893446,0.454230956
1154,0.17104779,0.124471674,0.040556368,15.18483099
1155,9.634159364,0.561224538,0.175722172,69.47627379
1156,2.107196038,0.215096474,0.062575682,151.4208143
1157,20.20496813,1.255311192,0.424166857,0.143189824
1158,65.30972656,0.743058353,0.24076447,5.721799522
1159,45.82509403,0.23762066,0.11172123,78.65547539
1160,11.74320179,0.217733051,0.080730774,27.9684926
1161,23.63107472,0.680905738,0.267073091,31.34223786
1162,175.1990427,0.980475571,0.328729832,31.01072432
1163,0,0.129808944,0.089145771,2.661042106
1164,0.035456962,0.544663094,0.215029373,9.246935535
1165,197.6206202,0.035005197,0.014317278,0.089519943
1166,0,0.688982549,0.317708075,0.050499363
1167,85.7182318,0.821499944,0.304295059,0.245862623
1168,37.45871135,1.373890366,0.42598008,192.2629781
1169,10.39869121,1.435577374,0.467780088,185.1726865
1170,0.019153135,3.614842152,1.439853316,0.253680692
1171,33.44037789,1.203696627,0.394844538,0.230055982
1172,20.82519043,1.348680906,0.451576145,0.213530694
1173,0.781935836,0.159432924,0.053366447,182.0737788
1174,0.376733148,0.134854703,0.043575067,175.0473289
1175,0.727077251,0.155395918,0.050403068,180.8227882
1176,197.1548485,0.146414148,0.048312268,4.649897472
1177,2.528659445,1.739169495,0.658986483,0.170846355
1178,182.9356825,0.233620418,0.084203519,31.29171114
1179,73.70767225,0.962192406,0.380843462,57.09589971
1180,33.33101572,1.320372859,0.442932991,54.51418854
1181,76.74743344,0.992428039,0.37060595,54.20153419
1182,45.69326036,1.280000757,0.429620125,53.10844367
1183,0,0.296991726,0.162281476,1.475468101
1184,0,0.346127985,0.181542226,0.854452225
1185,0,0.359801104,0.183694574,0.924284275
1186,0,0.343011674,0.178617241,0.867704002
1187,0,0.498730615,0.224671957,1.056227234
1188,0.006565941,0.604371157,0.245974678,0.923041435
1189,0.02506003,0.595913191,0.326997614,28.25513887
1190,2.794846963,0.318292593,0.123870093,29.86447323
1191,76.76754017,0.784544501,0.284795729,1.631416006
1192,304.9672514,0.332269897,0.116268451,6.793387217
1193,0,0.992164357,0.463990719,0.192901086
1194,66.06739263,1.282767771,0.432735739,0.262098592
1195,92.41780254,1.240106091,0.418194364,0.267629538
1196,251.2288666,0.79281517,0.280960137,0.192551623
1197,663.1739656,0.349307675,0.142438998,5.206017889
1198,115.2116084,0.899952736,0.341133714,49.39712592
1199,0,0.967670304,0.448872151,0.214884475
1200,45.24950391,0.591529264,0.204710385,0.155329179
1201,0.367942857,1.456582182,0.467929565,0.193374807
1202,0.360052434,1.447139632,0.469866837,0.173035078
1203,0.577657117,1.51376747,0.501085051,0.17296285
1204,0.492368227,1.453737035,0.476929489,0.198641136
1205,0.585485565,1.480477866,0.481345022,0.180537652
1206,2.803442702,0.532559441,0.237234078,0.342717779
1207,5.222407253,0.779300618,0.252422112,21.7834297
1208,222.9650296,1.024877673,0.515244644,0.121207408
1209,172.9166177,1.259501911,0.582664379,0.133900399
1210,252.0658455,0.886005872,0.463341721,0.099717597
1211,104.2105518,1.371213028,0.487073168,1.925056027
1212,96.42832797,1.410496428,0.495751249,0.913634789
1213,110.7968019,1.347976526,0.494481286,0.220502128
1214,87.88435817,0.80424308,0.282017699,0.045030763
1215,0,0.682077665,0.250529381,0.268968219
1216,45.2148945,0.731397967,0.236680778,36.19402941
1217,205.1367934,0.497595918,0.206248396,7.961778
1218,43.42565818,0.72326051,0.234401352,39.62359889
1219,76.69408217,1.464545921,0.553261062,12.07684428
1220,38.03666182,1.514902996,0.566960267,11.63277628
1221,0.878863657,0.754585245,0.241305473,0.07080441
1222,0.044470853,0.184368944,0.091384522,146.3706358
1223,0.095344221,0.132918345,0.064522358,81.40787743
1224,0.055601783,2.04674533,0.776411081,3.148664718
1225,0.125851391,0.240021043,0.09234266,32.25563712
1226,0.06741245,0.220207332,0.088846181,38.8896802
1227,288.1631475,0.105491544,0.033138752,0.007380457
1228,287.9886161,0.102199736,0.034001969,0.007009787
1229,660.0542248,0.262618657,0.104764293,5.748533169
1230,53.91996106,1.31036111,0.43988089,19.12081993
1231,0.000546058,0.56658476,0.227158346,55.25034603
1232,265.711467,0.639403244,0.244670212,0.351414437
1233,181.8420629,0.843564921,0.314180451,0.418142159
1234,473.0973133,0.338298417,0.129545139,55.98628305
1235,4.896111467,0.88107917,0.329638286,0.071117032
1236,37.73017112,1.402653807,0.47768496,0.774597685
1237,17.81110869,0.877219021,0.327843066,118.6750912
1238,17.81110869,0.877219021,0.327843066,118.6750912
1239,106.5318093,0.851801845,0.31255274,11.86458257
1240,180.9261656,0.568995077,0.212907527,1.299166797
1241,7.375205423,0.668311539,0.212212891,17.74579906
1242,0,0.619649397,0.240103904,0.359128813
1243,276.098501,1.141504872,0.481551046,0.311552267
1244,537.9286342,0.967463139,0.359638706,1.976618294
1245,0.337238671,1.46161436,0.593977045,0.1817279
1246,104.0428231,0.809865972,0.31147846,8.648136691
1247,0.002749014,0.572488438,0.257691423,0.120639753
1248,313.7066436,1.084883626,0.403378048,15.25470191
1249,10.29324644,0.421239462,0.166378457,0.193873899
1250,248.9401936,0.790450314,0.275194576,113.4733168
1251,0.521974561,0.505393674,0.193670902,0.453585423
1252,346.4880328,0.764072096,0.388007407,0.125731194
1253,0.020992133,0.190583884,0.067727741,37.27790699
1254,122.524674,0.75905491,0.271412679,1.670203822
1255,22.14704063,0.738108869,0.2381841,56.46370138
1256,162.740765,1.716448662,0.632988726,9.597724129
1257,2.036333598,0.6493925,0.240826992,61.06983744
1258,2.102712673,0.612709671,0.235470435,64.00703813
1259,121.8047813,1.400475078,0.536383664,0.26552577
1260,0.002941559,0.576510271,0.182972905,0.164495102
1261,150.4017738,0.593970292,0.199011229,0.480338432
1262,311.7169803,1.386894235,0.517783279,1.01325932
1263,406.4682578,1.368413756,0.531679629,0.121412426
1264,843.0289477,0.346679159,0.130325146,20.98374
1265,40.75242752,0.718185376,0.232923646,89.96222402
1266,10.36405062,0.432149405,0.158629805,0.048325582
1267,251.0187537,0.484636265,0.236333235,0.236289388
1268,58.72889787,2.035147644,0.680667633,53.26538056
1269,38.2757636,1.892853536,0.675969181,0.847410919
1270,25.59336689,2.158455061,0.765404557,0.219115559
1271,383.8013809,0.827208386,0.273256421,49.88631581
1272,167.093503,0.837974394,0.269690992,4.341768916
1273,5.298038253,0.679870064,0.263298015,2.383732894
1274,1.763864454,0.980137336,0.384735531,2.597628201
1275,275.890454,0.224487594,0.077541559,0.07484782
1276,280.806963,0.202889209,0.069969644,0.101289703
1277,216.4981137,0.771810349,0.26707677,50.60409492
1278,6.239883771,1.242616943,0.415984312,0.244813824
1279,2.362050431,1.256159688,0.413425219,0.23093125
1280,0.203875412,0.08757415,0.030515698,114.441725
1281,0.018847668,0.295531889,0.116113314,0.098406208
1282,0.028835321,0.308493969,0.116336726,0.100510175
1283,0.056704094,0.320158064,0.122531332,0.100418698
1284,0.017839256,0.321051902,0.123341211,0.120317063
1285,17.7246402,0.186800786,0.076285469,69.13689799
1286,0.002050774,0.288291262,0.116669817,0.115962034
1287,0.023662773,0.310979159,0.121840999,0.122143093
1288,0.003155037,0.299992158,0.117385827,0.112793122
1289,17.86894771,1.905300919,0.595282911,8.466613834
1290,13.48724842,1.725167412,0.557631064,0.783069961
1291,4.493295159,0.59231571,0.218845609,0.094320392
1292,109.6974673,1.855815487,0.663665643,17.01304805
1293,13.13103674,0.385735307,0.116698195,4.831902352
1294,7.922651251,0.342135899,0.103495312,40.85340939
1295,221.0771712,0.87236736,0.335734385,0.196030055
1296,276.8838035,1.332688356,0.523183343,0.327623714
1297,448.7942977,0.345820555,0.138644101,0.037746732
1298,281.1043571,0.253505913,0.088652076,0.819274199
1299,242.8179758,0.540282062,0.19005358,5.060033438
1300,47.93348454,0.222561841,0.066539985,43.02174524
1301,56.58085769,0.260409014,0.077136085,42.31396433
1302,0,0.463879533,0.202523863,0.514273538
1303,0,0.514380338,0.210175991,0.553181403
1304,43.95768499,1.110229342,0.381074514,53.83042376
1305,14.44686581,1.304456102,0.419274693,56.63377565
1306,39.79859744,1.462629767,0.531900891,10.11721946
1307,45.2229615,1.532294333,0.530213592,3.222633213
1308,3.025978883,0.559170602,0.208104409,0.197546672
1309,73.97434873,1.687818432,0.588469271,0.443312515
1310,103.1110747,0.497618347,0.209283977,2.006901545
1311,0.558607359,0.655554478,0.233077433,41.55928204
1312,222.1381692,0.18301848,0.09008267,30.9334005
1313,0,0.317621333,0.175067182,3.032801669
1314,115.6927055,1.385812628,0.504777897,14.91292
1315,27.09491677,1.083814221,0.36171005,82.0807617
1316,20.76832059,1.457705833,0.482698883,0.355875069
1317,24.68413559,1.457444655,0.478020746,0.370996773
1318,9.615579087,1.656016203,0.555823268,1.344908869
1319,421.3096965,0.18080243,0.071479731,0.063500057
1320,36.8631797,1.501836756,0.496852633,5.334296772
1321,29.83332385,0.364071983,0.1228593,45.68164138
1322,422.212047,0.175235685,0.065899198,0.055789425
1323,42.96492718,0.578724648,0.176098954,7.534330805
1324,0.013232708,0.520626176,0.216746823,0.059224492
1325,7.664254228,0.633611421,0.214381352,10.94847669
1326,521.6662449,0.079585975,0.036287374,37.70204036
1327,44.36599126,0.922746441,0.307936766,21.57389161
1328,0.229706765,0.281068191,0.092663128,0.114277102
1329,0.342111409,0.608670678,0.20296291,0.085267238
1330,0,0.195008851,0.088027818,32.0906576
1331,498.8453161,0.687660477,0.271407855,0.516025664
1332,0.007109455,0.598415329,0.225397943,0.25503966
1333,2.671647255,1.738585787,0.577725452,0.230154466
1334,45.43056218,1.142734343,0.390310163,30.26125544
1335,10.81610194,0.732971308,0.282950589,115.9458763
1336,12.18753183,0.747156627,0.289659169,113.6540771
1337,28.39722704,0.825737805,0.314568179,75.37311536
1338,181.1702157,0.59247404,0.216822619,47.0425886
1339,19.71494833,0.782394949,0.296665307,114.645595
1340,614.3520416,0.591581129,0.294312737,0.065007589
1341,609.1627218,0.650810754,0.316512326,0.073312762
1342,523.6571774,0.916152187,0.404867545,0.090007271
1343,208.811448,0.661008468,0.232362841,59.74934134
1344,238.7739437,0.65835615,0.250672257,0.089249952
1345,145.6898577,0.85929329,0.296771746,0.094728746
1346,156.7950952,0.966194319,0.32848052,0.7426206
1347,26.7201657,1.336704019,0.439945412,0.886750415
1348,419.297648,0.144482932,0.052809136,0.293624042
1349,321.1358814,0.641806208,0.275186581,1.754697525
1350,211.9617263,0.833884233,0.335542291,1.18819483
1351,0.449517771,1.4657886,0.475578855,0.162726632
1352,0.453638007,1.462923511,0.478487912,0.177993221
1353,0.463938597,1.523090379,0.492305933,0.178168699
1354,9.338152785,1.204201483,0.415446859,0.651749435
1355,8.519568802,1.162936518,0.405606656,0.50604951
1356,10.34111158,1.00711724,0.366434009,2.77682527
1357,6.127173779,1.214042417,0.419443318,2.050107875
1358,6.018161985,1.237736473,0.42036457,2.116062223
1359,3.088470017,0.830163844,0.313101017,0.974582389
1360,36.96576581,1.433014338,0.473625621,35.23538905
1361,32.56859775,1.494422632,0.493445711,0.732479934
1362,37.53591278,1.619329394,0.542382851,29.69351105
1363,103.7490905,1.960436522,0.701890467,0.481334608
1364,15.89439742,0.70524871,0.235691248,0.929555749
1365,117.5986923,0.411331305,0.153354685,0.181803622
1366,95.64958514,0.422469761,0.150793169,0.181363104
1367,120.9839589,0.410025028,0.162459052,0.17776669
1368,9.42319569,1.154281238,0.410573174,0.56006471
1369,118.8121232,0.516891169,0.190635376,0.485043698
1370,0.510302192,0.767658546,0.270851535,132.799404
1371,1.96843974,0.900918711,0.313066299,60.33088407
1372,14.47852118,1.298126117,0.417849445,7.026709308
1373,0.777583888,0.927770147,0.326929608,153.7743919
1374,20.59009625,0.681434327,0.22834451,48.46610152
1375,0.918607837,1.37690628,0.426753302,8.630522882
1376,1.80201098,1.352969996,0.419651597,12.21282177
1377,1.123264463,1.393640956,0.42864709,10.30352403
1378,637.8879783,0.596146812,0.251810058,31.56233524
1379,178.4781171,1.172674691,0.409036582,20.25284438
1380,7.701469675,0.612063839,0.208935052,0.501565382
1381,16.74475791,0.781537572,0.259240123,49.14858718
1382,2.49532511,0.490822761,0.163545824,0.087123557
1383,3.710871746,0.634455218,0.212256812,0.145059703
1384,28.44830737,1.347125119,0.442883655,0.77890755
1385,30.09757122,1.346696403,0.449136839,0.710723714
1386,37.98562385,1.660544212,0.547654906,5.698913104
1387,8.470185956,0.768234403,0.251506289,76.97512127
1388,0.000916989,0.233925194,0.089091261,42.18576207
1389,0,0.024442502,0.012508571,37.0503238
1390,170.9607462,0.655074519,0.257830497,0.123009337
1391,2.310866364,0.690472437,0.245402915,0.127671078
1392,248.8207085,0.350422272,0.122470572,25.20041562
1393,10.21508645,1.740537658,0.575080961,0.205843741
1394,37.20986352,1.141574193,0.369298112,24.34718522
1395,66.71030377,1.362617687,0.469371064,0.215875474
1396,47.04843821,1.391823874,0.475653151,0.220547781
1397,43.70795346,1.386555761,0.474495925,0.220678084
1398,87.02232885,1.486113801,0.532230575,22.05994125
1399,1.452849756,0.987533472,0.380565773,0.492737387
1400,30.81442412,1.135104233,0.352530958,5.373568595
1401,63.69028318,1.372864456,0.467850138,0.192979308
1402,163.2976261,1.114467093,0.491307878,2.0881252
1403,25.80453725,0.614941206,0.211950036,0.158258793
1404,12.09494232,2.033266934,0.65266837,0.239721228
1405,76.71847579,0.981430344,0.33609576,40.24966568
1406,0.471557732,0.706877978,0.266734736,50.99138845
1407,0,0.2007427,0.095148267,167.1257824
1408,0,0.225727361,0.102830548,153.2285268
1409,0,0.216389355,0.099544122,152.6481639
1410,32.54572003,1.823900036,0.629171316,0.195271682
1411,217.1637935,0.034253872,0.013729798,0.018387439
1412,265.3597307,0.775189557,0.253852697,3.830360889
1413,106.9597589,0.523279166,0.181698898,3.145091628
1414,2.722708332,0.812003553,0.250175725,3.303345367
1415,0.10997132,0.470204163,0.163390975,0.081401998
1416,162.2864729,0.095963433,0.038956874,9.752820808
1417,166.0203054,0.074511911,0.031786551,10.21842906
1418,2.080865143,1.034304719,0.355617999,0.339191522
1419,1.062762055,0.116014588,0.034369779,67.83964272
1420,5.893388019,0.220463001,0.062791924,41.08674395
1421,9.312349628,0.286542883,0.083102206,5.232771388
1422,0.485481416,0.049089688,0.015502835,87.29606922
1423,16.99577225,1.320630797,0.457896788,1.245777685
1424,25.92037129,1.146031678,0.381954093,50.37773418
1425,62.6942704,0.994891355,0.325442525,1.999073544
1426,0.121090546,0.16050265,0.083153328,161.2331504
1427,344.529705,0.345718039,0.132620366,53.53482036
1428,3.247901281,1.630382145,0.524573937,0.256649154
1429,0.19372231,0.913105703,0.317044302,0.242317477
1430,282.3956733,0.292184635,0.184452003,0.182183524
1431,0,0.006262998,0.004717266,231.975445
1432,0.000286299,0.037520463,0.014570855,121.1291111
1433,0,0.014125463,0.005995457,141.380404
1434,0,0.014844617,0.006510404,138.4273411
1435,12.02136824,0.880957886,0.323479517,22.04014795
1436,481.3631338,0.612351534,0.222481953,4.476904796
1437,681.1237671,0.248370536,0.0863128,0.069048354
1438,52.04474257,0.929452761,0.360954163,21.60440498
1439,250.8281515,0.566863526,0.224185791,0.073307097
1440,0.534917732,0.371055024,0.156699019,67.49310441
1441,9.262942459,0.978128725,0.338072235,0.197438552
1442,16.08063465,1.415024369,0.495747347,0.328108051
1443,0.053820129,0.341993697,0.128773485,0.121282862
1444,0.094185225,0.338422745,0.128239788,0.135726919
1445,25.64423307,0.418735781,0.143526398,0.146855067
1446,127.9584684,0.604288095,0.259358011,0.486970932
1447,0.00030236,0.272176589,0.112552905,0.12919168
1448,1.523442239,0.384394574,0.138951851,0.147219924
1449,0.00015118,0.277349463,0.111028057,0.138409693
1450,0.584764769,0.373231179,0.134301062,0.131734951
1451,310.8290158,0.387178625,0.188481367,0.208308646
1452,595.4433194,1.133611392,0.430374627,1.090569345
1453,35.89361394,0.652224742,0.237567787,1.912954226
1454,245.1835154,1.511549826,0.567348656,0.311048775
1455,5.552397363,0.187252796,0.061669905,71.83327149
1456,53.84630024,0.763510233,0.237279011,15.8823188
1457,200.8999971,1.008485832,0.354006765,38.77364166
1458,70.78243696,1.271242368,0.412376638,46.77750751
1459,92.43947906,1.172873794,0.416139456,18.13726373
1460,136.937449,0.608183493,0.200559805,0.059107653
1461,12.53387573,1.00657025,0.364381277,1.095015187
1462,51.21768915,2.091614236,0.707613019,8.727232809
1463,0.000497501,0.49909777,0.211663312,0.110779142
1464,5.425707781,0.880700289,0.318059547,0.09394467
1465,453.0241438,1.083142753,0.391018094,3.672003929
1466,491.2371131,1.047197372,0.372814123,1.659561045
1467,39.42360428,0.703826713,0.258493571,35.18428227
1468,0,0.795748062,0.297798111,70.17513731
1469,13.90949239,1.507695859,0.488983292,12.4909475
1470,0.06758076,0.393184029,0.125191576,70.91950764
1471,82.8971823,0.698473903,0.252675053,73.06721866
1472,90.97166733,0.710496048,0.257811492,66.46303459
1473,157.4662411,0.710157981,0.258079263,30.03639406
1474,744.0213098,0.283329889,0.129641717,0.052095042
1475,0.050935776,0.574482209,0.200803268,3.507118478
1476,138.1817104,0.687029114,0.233360293,0.066471802
1477,835.9032359,0.009441203,0.003697491,0.007484144
1478,92.88462482,0.879038144,0.337263026,0.12557035
1479,0.000584079,0.057328537,0.028590719,122.5225653
1480,0.000593551,0.055015298,0.026061008,129.2759034
1481,338.0623671,0.503506068,0.168701921,53.33228266
1482,176.1440543,0.294182182,0.111157351,0.184992377
1483,0.001114391,0.969442479,0.440365644,1.340817386
1484,19.60126378,1.060018458,0.361423419,55.69142729
1485,93.27741452,1.26508979,0.483353185,0.546264724
1486,0.122500383,0.188550288,0.076488841,92.55554209
1487,43.66371509,0.922044092,0.3046712,105.2118632
1488,115.0361613,1.24710016,0.417927398,39.23658346
1489,132.6124519,1.244398561,0.42857092,34.86269779
1490,18.1272019,1.289179995,0.41925369,20.10751754
1491,592.4557302,0.371278179,0.177253121,0.064733695
1492,659.0132493,0.30554856,0.152407728,0.071033283
1493,650.0075894,0.384801222,0.179772027,0.062332867
1494,656.2226465,0.283424213,0.148038017,0.058990055
1495,130.812572,0.431452424,0.147816716,113.0027621
1496,10.09599686,1.002308893,0.342354038,1.175354999
1497,253.0652588,0.758356988,0.2547695,3.4848452
1498,0.538514873,1.481569328,0.486331977,0.179104582
1499,351.552346,0.975913051,0.366115129,1.551542259
1500,151.4753822,1.902114451,0.646036558,0.223656071
1501,130.2920826,1.886235213,0.637293616,0.238392531
1502,412.5172045,0.92061815,0.369547912,0.121877005
1503,397.1788063,0.919806769,0.363934382,0.118487984
1504,3.821432962,1.42229299,0.538492466,1.690726077
1505,10.08403666,1.372101853,0.537315777,1.940301767
1506,318.3917384,0.649735999,0.28605461,7.277367316
1507,0,0.49267215,0.222393134,0.051623531
1508,219.461157,1.445784148,0.568539613,0.286570791
1509,332.3184022,0.828904789,0.340091201,6.476010228
1510,305.2331234,1.780522952,0.684577921,1.439997929
1511,88.76149866,1.087168595,0.39934278,39.71121097
1512,224.3000826,1.581273479,0.631051173,0.353793404
1513,2.591913321,0.206677478,0.06355533,96.08472343
1514,12.01545997,0.188542401,0.057357849,114.5719534
1515,678.0913019,0.700453843,0.292372993,0.292443607
1516,27.15777567,1.395683053,0.50181483,0.35325245
1517,0.03125846,0.06559747,0.03184552,68.08807399
1518,101.414789,1.307229001,0.440444245,43.15299959
1519,195.8170846,0.456792043,0.155346108,0.113036752
1520,176.5733372,0.485859206,0.165878047,0.107207784
1521,189.9579835,0.470739593,0.16056745,0.110448891
1522,11.76632022,1.912621723,0.750107741,0.678175775
1523,14.37039669,1.860036349,0.686791257,0.530640184
1524,17.73975663,0.790072588,0.258464262,0.131210812
1525,14.67394633,0.746906433,0.239042838,0.118094579
1526,2.418882593,0.894538494,0.318734325,163.8196571
1527,239.404893,0.81362265,0.312282956,16.32517189
1528,331.9616747,0.158116579,0.061067342,0.250722554
1529,16.56045448,1.176441158,0.404860273,105.4563507
1530,23.76865532,1.244896188,0.542110383,2.487323508
1531,4.161321647,0.091530368,0.033671991,63.69000775
1532,0.000467758,0.78401722,0.296287115,0.398761725
1533,15.10067429,0.358747998,0.112611576,0.112904396
1534,1.175167608,0.362437934,0.117376457,97.78005986
1535,0.793650448,0.326772736,0.106996466,94.55076969
1536,0.448693723,1.47261024,0.478176228,0.165592773
1537,136.7475762,0.663196893,0.23367681,0.74452274
1538,445.3944518,0.90339873,0.357129211,0.437308361
1539,364.7336409,0.928377842,0.363151842,0.453564641
1540,260.0769772,1.067931799,0.413255008,0.522220972
1541,558.3733862,0.645530539,0.268626433,0.268108382
1542,364.3511518,0.891133538,0.342350273,0.578444615
1543,146.9012842,0.784528061,0.309141008,2.959128927
1544,41.1975098,0.471018266,0.161782326,7.035110398
1545,1.700154839,0.586444079,0.192039972,159.6833884
1546,154.3677091,1.381212429,0.460758327,0.182329224
1547,160.1812468,1.389167576,0.450067878,0.186617553
1548,11.16906101,1.319365792,0.452144977,51.00077029
1549,8.705342035,1.366074155,0.456558318,90.68938242
1550,30.02263289,1.164937826,0.430121698,0.353860821
1551,0.478080803,0.158210311,0.056722851,85.53517842
1552,43.60134629,1.768294388,0.620796519,72.80492351
1553,46.9168367,1.712135034,0.583796384,0.228558328
1554,1.203989643,1.694114891,0.664905415,0.179884215
1555,32.55924725,1.176205164,0.411903403,31.51194882
1556,1.947031192,0.224160019,0.079981184,100.1947795
1557,1.124565365,0.244976586,0.086237094,139.1648986
1558,249.8456458,0.727435886,0.280677187,34.27593661
1559,0.002990034,0.105084115,0.035144812,110.439836
1560,0.230155563,0.120253843,0.04102279,131.5601012
1561,31.51188518,0.947460961,0.293842499,1.66229964
1562,8.607114785,0.960713427,0.309063527,26.59847577
1563,0,0.104981785,0.052634661,0.042145317
1564,2.713348035,0.942945126,0.295598342,7.671178906
1565,165.6993568,0.111590465,0.045016632,0.012384998
1566,48.40661697,2.03062404,0.660545711,20.59599303
1567,3.727358857,1.033892735,0.387999276,73.46318817
1568,0.000134448,0.0357938,0.016747658,283.8904274
1569,261.5936808,0.602854725,0.223452184,8.022250389
1570,0.153171435,0.594486689,0.222392851,1.480067289
1571,0.084742211,0.461523128,0.212860088,52.30882669
1572,28.20642203,0.761088491,0.277758391,2.798544824
1573,234.5063571,1.4269554,0.498576094,24.68140323
1574,237.6127575,1.430811235,0.495459146,25.61558698
1575,0.339661772,1.252414621,0.522788904,46.3184946
1576,1.288779952,1.373428506,0.545239961,45.53225125
1577,30.41155962,0.513295038,0.173147076,1.253661885
1578,19.24612254,0.519433294,0.218578298,2.757021369
1579,31.08049277,0.465121576,0.155760136,3.277045678
1580,0.145603887,1.354786475,0.434116737,0.204061747
1581,0.520385833,1.517360201,0.491474774,0.178168699
1582,0.488247991,1.514858933,0.490695562,0.185304805
1583,0.105924613,0.31048481,0.090344899,9.134729983
1584,180.5273728,2.019179171,0.683267439,0.344921857
1585,12.04559945,0.866521767,0.289496524,0.118112455
1586,20.62583702,0.525690185,0.203107216,0.108582087
1587,54.78315363,0.961191837,0.334411397,0.076577039
1588,573.8206707,0.737613321,0.274171153,20.52842732
1589,591.1657247,0.733064202,0.280116684,20.85566242
1590,0.133485765,0.291494659,0.090132871,142.5463477
1591,0.074755891,0.072421437,0.026107947,185.2000879
1592,486.8602512,1.08383444,0.444092544,7.372442803
1593,504.8315801,1.055177281,0.459795245,0.105060584
1594,467.7705276,1.092607114,0.461461015,0.103377306
1595,403.0278663,0.584191095,0.229617607,0.205324678
1596,30.50743577,1.834773918,0.604950026,0.354393037
1597,242.3239852,0.596338487,0.301122906,0.412943238
1598,31.49902046,0.688349319,0.25371268,46.03101493
1599,61.68118215,0.634887948,0.234343737,0.098643826
1600,379.4652433,0.245618113,0.102466334,35.75918246
1601,246.7065768,0.929224076,0.33378447,6.768625293
1602,217.3994365,1.105799179,0.39632983,2.96401878
1603,0.072081846,0.492848787,0.166483742,8.16605046
1604,0.270426878,0.633978185,0.20726967,1.323485465
1605,0.358873,0.093070073,0.034338399,114.1028966
1606,0.203440899,0.093586149,0.034591494,109.4071234
1607,0.129685889,0.093333811,0.033762807,109.6595566
1608,0.055691322,0.407329637,0.130577608,95.36578311
1609,0.053781423,0.388593907,0.126110078,94.9231586
1610,0.041247824,0.378020675,0.121477793,90.99156684
1611,0.029571305,0.349060723,0.111403093,93.42831398
1612,0.03494311,0.353806692,0.115900787,91.32418504
1613,661.9112046,0.284922453,0.123642955,0.11701172
1614,0.227032213,0.869857825,0.327592605,35.4576075
1615,154.68896,0.302610355,0.131522278,0.070298934
1616,13.45168589,1.280879702,0.461873466,7.001633704
1617,34.14249693,0.249755192,0.083901975,27.35982747
1618,44.2271459,0.23897677,0.078413591,40.83235477
1619,5.504559567,0.344913501,0.113684931,3.750994458
1620,2.315314835,0.366331074,0.121402855,24.62553509
1621,0.993181365,0.361773939,0.129940125,0.121712069
1622,211.837187,0.231900469,0.111138828,7.32335418
1623,233.8705107,0.3146053,0.138420658,24.94333637
1624,1.050726556,0.364779776,0.129470068,0.118363779
1625,1.064342883,0.35742621,0.126874535,0.096214437
1626,306.250218,0.419012677,0.157108362,1.084007811
1627,0,0.769223138,0.351770429,0.889100053
1628,5.625121164,1.464759794,0.49502504,0.2497081
1629,1.530837318,0.348456767,0.106431865,110.5254634
1630,0,0.429127243,0.197171805,0.109273782
1631,0,0.486842529,0.205616693,0.153377311
1632,356.576159,0.134325874,0.053377068,0.10726175
1633,0.000739546,1.16640199,0.509506172,0.14529444
1634,0,0.439624645,0.205103468,0.133571438
1635,348.0331445,0.153058533,0.06072812,0.088572003
1636,2.202001025,0.686595866,0.231644723,1.684291777
1637,0.214617466,0.269734688,0.105711155,0.092871993
1638,460.8060031,0.533531819,0.247837298,0.068479841
1639,246.2000059,0.950038318,0.358516691,0.270786973
1640,16.33460349,1.297847079,0.440306232,0.153920489
1641,2.78314871,1.516975436,0.484647884,3.873993346
1642,10.34816298,1.968938947,0.647015177,7.920154027
1643,274.998388,0.016881349,0.011805896,0.034538238
1644,60.19338861,1.400985252,0.456202469,118.7458746
1645,117.8867212,1.246293795,0.4805491,1.414532777
1646,49.05238432,1.157794343,0.431515122,0.583867067
1647,114.5341241,1.221497018,0.473175872,2.556067238
1648,329.674602,0.763532636,0.3280079,0.354353402
1649,263.5321535,0.992153281,0.426458619,0.624289418
1650,367.2190834,0.315255891,0.115707673,0.124039199
1651,266.5391369,0.674292456,0.282600099,1.369653079
1652,183.8997442,0.874165769,0.34978511,1.126211623
1653,180.350829,0.093882681,0.037439041,2.600493102
1654,187.1558592,0.060001535,0.024840409,2.60463584
1655,7.910734803,0.401085845,0.127132669,0.711677423
1656,0.46492019,0.421951363,0.167050359,29.52792955
1657,2.122754942,1.34278849,0.483510517,0.467732637
1658,49.16240017,1.383661193,0.471718581,0.236947392
1659,52.50524512,1.371648738,0.466990484,0.21460967
1660,59.71786981,1.094928416,0.36761932,0.993452002
1661,248.3282315,1.065052482,0.432878375,0.273830825
1662,12.70216471,0.07208283,0.020838426,68.87441077
1663,64.90471583,2.274641947,0.83729606,1.206811494
1664,140.3574857,1.46605968,0.5628706,0.765763749
1665,27.38080323,1.401781186,0.482298938,0.224419653
1666,37.03039317,1.399349749,0.479885294,0.225834375
1667,69.99335673,1.403981057,0.481174775,0.185849852
1668,53.40553435,1.412606869,0.485241599,0.201802709
1669,38.777998,1.397120932,0.471288754,0.196944254
1670,25.81860606,1.389913459,0.486498017,0.19688841
1671,26.3729933,1.408757094,0.488118134,0.221459905
1672,25.68783414,1.375659698,0.475995178,0.284113236
1673,7.263962778,0.718951143,0.253173637,25.59949693
1674,71.31976469,0.851902305,0.307929464,50.85494154
1675,0.026436209,1.061639604,0.455824847,0.153734004
1676,38.74887304,1.404829683,0.472392722,2.770167138
1677,2.098431999,2.124311771,0.684436375,0.304737842
1678,2.887071516,2.096067001,0.683986716,0.313218604
1679,36.25634906,1.452199234,0.49020841,6.801998216
1680,0.01528332,0.00729974,0.005955881,266.7992754
1681,2.807158599,0.669017413,0.242890444,0.257369347
1682,331.6077937,1.047500199,0.379764191,0.103205811
1683,5.922394128,0.748397029,0.261356162,62.104863
1684,3.76645253,0.751442728,0.258613598,61.34419922
1685,51.62969942,0.588464247,0.211244345,34.2236145
1686,11.41162489,0.749406381,0.248553002,26.5626423
1687,10.36821802,0.87867289,0.297263431,53.99732083
1688,2.000603033,0.545309868,0.199216373,0.204607642
1689,49.57853576,0.602749114,0.210954799,0.205730978
1690,0.923228767,0.548032107,0.199527325,0.203878203
1691,0.225463481,0.518087477,0.189680522,0.21204792
1692,0.489771628,0.550482122,0.203906561,0.206489594
1693,0,0.251009361,0.146489232,0.942703421
1694,35.0422619,0.850977619,0.279602857,162.5304076
1695,11.00854486,1.479105754,0.459894252,66.9072841
1696,0,1.084257985,0.47013663,0.308221837
1697,0,1.090202391,0.452897983,0.324491589
1698,0.00185781,0.649965626,0.280569088,2.709166874
1699,71.72702129,0.45171769,0.145975282,11.88671317
1700,9.741781267,0.923088217,0.298243657,0.312131794
1701,33.79609304,0.895809192,0.324358327,0.231408913
1702,52.43404109,0.963689977,0.33360423,0.161770404
1703,26.55626632,0.999423633,0.332890116,0.200282129
1704,14.68176999,0.978332221,0.32619999,0.232445767
1705,106.3742376,1.738451562,0.580882799,50.4507274
1706,88.13844073,1.148348821,0.377665529,9.135058425
1707,180.672705,1.007085823,0.405816282,0.537523361
1708,85.53289808,1.238893922,0.432037578,17.94932363
1709,44.07694134,1.0638927,0.391029592,22.40616446
1710,53.08707065,1.067653716,0.396952968,24.11299809
1711,2.178252308,0.431342805,0.135163771,49.58699826
1712,59.93636871,1.745529228,0.584191823,0.938125265
1713,8.047908459,1.384584727,0.456405746,50.47393408
1714,72.46399825,0.446861608,0.171213346,27.68110432
1715,8.617867215,1.012475487,0.311542993,2.327144095
1716,11.96216289,0.78109189,0.27489575,0.087434351
1717,1.131796649,0.828642319,0.323507743,42.08052673
1718,0.018328721,0.324368906,0.127655272,0.142943172
1719,0.32014578,0.325918599,0.119721493,0.093855676
1720,6.802305561,0.725124232,0.266501961,54.93711889
1721,6.802305561,0.725124232,0.266501961,54.93711889
1722,192.4846261,0.639577661,0.234217145,0.596769377
1723,472.6871152,0.142171106,0.052278207,0.093085853
1724,17.95511958,1.342301899,0.450512877,0.220273954
1725,53.8032803,1.182411406,0.412757557,3.953796846
1726,635.8735878,0.156808004,0.051356621,102.2177238
1727,3.28902376,1.131350131,0.398346103,2.156604742
1728,25.57273292,1.960673896,0.645498523,0.579279728
1729,5.880815765,0.941684126,0.343867863,1.332930402
1730,117.8379944,0.803171341,0.292091263,86.00365107
1731,125.6294565,0.798557215,0.280478291,90.81454172
1732,147.0844156,0.797753823,0.281401288,99.61884454
1733,590.9667449,1.122709543,0.414981977,0.086114975
1734,0.022290464,1.788339175,0.689487533,0.163760387
1735,0.003933611,1.740254064,0.692835161,0.166692158
1736,339.8872758,0.417530256,0.176890948,0.049016637
1737,738.3077755,0.299670366,0.131210474,0.041090919
1738,0,0.449100595,0.217272405,0.881570534
1739,0.015932934,0.314531217,0.124128253,0.134594791
1740,1.999662102,0.37197356,0.133157932,0.139308968
1741,0.011633075,1.977109401,0.72697607,18.2588591
1742,0.118585827,1.476263026,0.58594671,1.468481761
1743,512.6179153,0.743233959,0.408553115,0.424440353
1744,12.28939075,1.289971517,0.41354796,0.363716445
1745,0.037889427,0.330408559,0.1550274,26.88840509
1746,3.471061127,0.818634712,0.305203046,34.68125724
1747,28.48201084,1.427838249,0.514020058,1.128705206
1748,0.640213516,0.439336644,0.156732725,2.442932887
1749,0.008699424,0.344635155,0.150263378,0.705730093
1750,0.079984546,0.294028466,0.118368201,38.05755651
1751,163.0473588,0.95557535,0.333339922,0.407936579
1752,0,0.004180305,0.002799807,75.4777472
1753,196.835458,1.443339737,0.539824083,0.61929342
1754,0.00414418,0.271592411,0.114719912,7.234661789
1755,0,0.242790315,0.110421024,2.547449803
1756,32.68408819,0.710489553,0.254777022,23.60849928
1757,2.84219019,1.064934247,0.418261589,0.20036174
1758,16.16577611,1.393224458,0.457708567,2.573152535
1759,191.3844015,0.214645676,0.087858199,14.75123455
1760,257.1240299,0.580325155,0.209121921,51.34168429
1761,0.019050971,0.337163942,0.109172364,86.28177817
1762,0.07163151,0.222048596,0.091319477,0.021609386
1763,29.01323542,1.011135156,0.328841989,50.95121124
1764,13.19219071,0.762566691,0.264571189,0.83302955
1765,341.2065696,0.349556636,0.147373747,0.328296752
1766,5.653727564,1.389627324,0.482293093,0.259420466
1767,0.099475157,0.055896604,0.023333411,130.3342696
1768,0.830965606,0.517975234,0.171255975,0.080979343
1769,0.98549414,0.514636175,0.169056861,0.080882616
1770,0.509371833,0.431701178,0.156102707,0.110403514
1771,0.537988228,0.465843805,0.159933976,0.080307094
1772,0.715409877,0.504220418,0.165783962,0.086734564
1773,135.198033,0.875129947,0.304797681,0.088044832
1774,5.14251819,1.659894758,0.557415247,0.212895844
1775,0.000192742,0.934487399,0.535052366,0.086342362
1776,0,0.056384386,0.029381633,160.7451217
1777,220.4730473,0.1000533,0.048651477,0.014477311
1778,470.6455902,0.552709457,0.217570665,2.398498402
1779,0.757634037,0.067374,0.020819532,66.85248621
1780,0.348791462,1.304897209,0.419053668,0.579171458
1781,8.37001773,1.317264845,0.43285453,70.28649478
1782,0,0.380578309,0.185891614,16.88184628
1783,3.311762894,0.722554466,0.247812712,0.278087322
1784,37.2418405,1.551591802,0.503652529,8.585669505
1785,515.2365819,0.025881088,0.007850539,0.008329703
1786,61.76213499,0.836846423,0.280459903,0.247389926
1787,682.3814631,0.163685062,0.061081714,5.73230008
1788,0.1087357,0.303190897,0.135812586,107.894369
1789,273.3006614,0.78535978,0.277907294,0.475846704
1790,87.9402312,1.250971284,0.444573453,52.61212253
1791,1.283659416,1.430745237,0.460536379,0.330857286
1792,5.042782478,0.918990891,0.420053021,1.155886844
1793,188.92442,0.450636015,0.193785797,89.76335162
1794,0.006756147,1.24351843,0.521011587,0.086653239
1795,34.62527305,1.736098691,0.556341299,1.542397035
1796,944.1328403,0.406140328,0.15241457,0.062748369
1797,275.288863,0.723184189,0.260580487,114.6267176
1798,284.9675147,0.723298812,0.260543487,113.0007272
1799,159.889775,1.385190002,0.463163678,0.183984369
1800,3.104969678,1.265811612,0.435117954,0.146057106
1801,11.89582565,1.320956576,0.437222636,0.27757057
1802,39.31624563,0.536579702,0.204305291,0.374708132
1803,13.05538429,1.043988574,0.352328786,0.097094299
1804,5.068031192,0.903825038,0.281871485,0.561006943
1805,42.08183936,1.41087492,0.49368381,0.18237314
1806,31.83757698,1.799451577,0.616097603,0.443997469
1807,20.53089364,1.539148079,0.594173968,0.652149692
1808,6.227388123,0.82972564,0.303931672,33.30580321
1809,0.340942532,1.0036808,0.399549638,24.0097139
1810,500.9568773,0.073854573,0.039595805,0.033354937
1811,473.0390581,0.35756933,0.139631578,9.596573161
1812,14.47171314,1.519593037,0.509434007,0.235064645
1813,4.849814801,1.129272233,0.343789153,3.067435566
1814,14.61056438,1.423614288,0.452911076,12.14930975
1815,3.421981936,1.039533978,0.337839114,0.249668809
1816,0.004908351,0.977715004,0.378859763,0.36899811
