ID,total_number,metal1,number1,ratio1,metal2,number2,ratio2
1,144,Ce,8,0.055555556,No,0,0
2,144,Pr,8,0.055555556,No,0,0
3,144,Nd,8,0.055555556,No,0,0
4,144,Sm,8,0.055555556,No,0,0
5,144,Gd,8,0.055555556,No,0,0
6,356,Co,12,0.033707865,No,0,0
7,224,Zn,16,0.071428571,No,0,0
8,344,Cu,8,0.023255814,No,0,0
9,280,Cd,6,0.021428571,No,0,0
10,78,Zn,16,0.205128205,No,0,0
11,248,Na,8,0.032258065,Cd,8,0.032258065
12,56,Co,2,0.035714286,No,0,0
13,274,Mn,4,0.01459854,V,32,0.116788321
14,274,V,32,0.116788321,Co,4,0.01459854
15,270,Zn,6,0.022222222,No,0,0
16,340,Co,20,0.058823529,No,0,0
17,80,Sm,2,0.025,No,0,0
18,80,La,2,0.025,No,0,0
19,80,Gd,2,0.025,No,0,0
20,80,Nd,2,0.025,No,0,0
21,124,Cu,4,0.032258065,No,0,0
22,76,Tm,4,0.052631579,No,0,0
23,128,La,8,0.0625,No,0,0
24,112,Cu,8,0.071428571,No,0,0
25,22,Cu,2,0.090909091,No,0,0
26,178,Er,4,0.02247191,Cu,6,0.033707865
27,150,Cu,6,0.04,No,0,0
28,152,Ni,8,0.052631579,No,0,0
29,160,Cu,12,0.075,No,0,0
30,306,Ce,12,0.039215686,No,0,0
31,300,Nd,12,0.04,No,0,0
32,172,Ce,4,0.023255814,No,0,0
33,172,Gd,4,0.023255814,No,0,0
34,172,Ce,4,0.023255814,No,0,0
35,75,Cu,3,0.04,No,0,0
36,272,Zn,8,0.029411765,No,0,0
37,272,Zn,8,0.029411765,No,0,0
38,96,Ca,6,0.0625,No,0,0
39,174,Cu,6,0.034482759,No,0,0
40,110,La,2,0.018181818,No,0,0
41,122,La,2,0.016393443,No,0,0
42,112,Cu,4,0.035714286,No,0,0
43,156,Cu,6,0.038461538,No,0,0
44,108,Zn,4,0.037037037,No,0,0
45,112,Zn,8,0.071428571,No,0,0
46,132,Cu,12,0.090909091,No,0,0
47,132,Cu,12,0.090909091,No,0,0
48,213,Cd,6,0.028169014,No,0,0
49,142,Cd,4,0.028169014,No,0,0
50,184,Zn,16,0.086956522,No,0,0
51,176,Cd,8,0.045454545,No,0,0
52,176,Zn,16,0.090909091,No,0,0
53,108,Mn,12,0.111111111,No,0,0
54,84,Mn,12,0.142857143,No,0,0
55,108,Mn,12,0.111111111,No,0,0
56,108,Mn,12,0.111111111,No,0,0
57,108,Mn,12,0.111111111,No,0,0
58,108,Mn,12,0.111111111,No,0,0
59,108,Mn,12,0.111111111,No,0,0
60,126,Co,6,0.047619048,No,0,0
61,108,V,6,0.055555556,No,0,0
62,98,Zn,4,0.040816327,No,0,0
63,98,Zn,4,0.040816327,No,0,0
64,216,Cd,8,0.037037037,No,0,0
65,288,Cu,8,0.027777778,No,0,0
66,288,Ni,8,0.027777778,No,0,0
67,54,Cd,6,0.111111111,No,0,0
68,240,Zn,8,0.033333333,No,0,0
69,240,Mn,8,0.033333333,No,0,0
70,192,Mg,12,0.0625,No,0,0
71,318,Cu,6,0.018867925,No,0,0
72,224,Cd,4,0.017857143,No,0,0
73,158,Cd,6,0.037974684,No,0,0
74,76,Ce,4,0.052631579,No,0,0
75,144,Zn,4,0.027777778,No,0,0
76,178,Zn,8,0.04494382,No,0,0
77,520,Cd,8,0.015384615,No,0,0
78,148,Zn,8,0.054054054,No,0,0
79,272,Ba,16,0.058823529,No,0,0
80,228,Ag,12,0.052631579,No,0,0
81,70,Ni,2,0.028571429,No,0,0
82,208,Co,8,0.038461538,No,0,0
83,104,Co,4,0.038461538,No,0,0
84,166,Nd,4,0.024096386,Co,6,0.036144578
85,159,Zn,3,0.018867925,No,0,0
86,272,Co,4,0.014705882,No,0,0
87,148,U,16,0.108108108,No,0,0
88,128,Mg,16,0.125,No,0,0
89,222,Mn,10,0.045045045,No,0,0
90,54,Ga,10,0.185185185,No,0,0
91,212,Zn,12,0.056603774,No,0,0
92,150,Zn,6,0.04,No,0,0
93,150,Zn,6,0.04,No,0,0
94,156,Zn,6,0.038461538,No,0,0
95,156,Zn,6,0.038461538,No,0,0
96,144,Zn,6,0.041666667,No,0,0
97,144,Zn,6,0.041666667,No,0,0
98,156,Zn,6,0.038461538,No,0,0
99,156,Zn,6,0.038461538,No,0,0
100,186,Zn,6,0.032258065,No,0,0
101,180,Zn,6,0.033333333,No,0,0
102,218,Co,6,0.027522936,No,0,0
103,272,Ni,6,0.022058824,No,0,0
104,104,Cu,6,0.057692308,No,0,0
105,104,Cu,6,0.057692308,No,0,0
106,104,Cu,6,0.057692308,No,0,0
107,104,Cu,6,0.057692308,No,0,0
108,98,Cu,4,0.040816327,No,0,0
109,124,Ho,4,0.032258065,No,0,0
110,124,Dy,4,0.032258065,No,0,0
111,128,Sm,4,0.03125,No,0,0
112,128,Pr,4,0.03125,No,0,0
113,128,Ce,4,0.03125,No,0,0
114,128,La,4,0.03125,No,0,0
115,81,Ni,3,0.037037037,No,0,0
116,130,Mn,6,0.046153846,No,0,0
117,90,Mn,4,0.044444444,No,0,0
118,200,Co,8,0.04,No,0,0
119,32,Bi,4,0.125,No,0,0
120,164,Ni,8,0.048780488,No,0,0
121,154,Zn,10,0.064935065,No,0,0
122,138,Cu,6,0.043478261,No,0,0
123,72,Cu,4,0.055555556,No,0,0
124,72,Cu,4,0.055555556,No,0,0
125,64,Nd,4,0.0625,No,0,0
126,114,Zn,6,0.052631579,No,0,0
127,440,Mo,8,0.018181818,No,0,0
128,192,Zn,8,0.041666667,No,0,0
129,174,Ni,4,0.022988506,No,0,0
130,296,Na,4,0.013513514,Ni,4,0.013513514
131,104,Dy,4,0.038461538,No,0,0
132,104,Gd,4,0.038461538,No,0,0
133,64,Zn,4,0.0625,No,0,0
134,184,Co,4,0.02173913,No,0,0
135,122,Mn,2,0.016393443,No,0,0
136,153,Fe,3,0.019607843,No,0,0
137,306,Fe,6,0.019607843,No,0,0
138,153,Fe,3,0.019607843,No,0,0
139,100,Cu,4,0.04,No,0,0
140,112,Cu,4,0.035714286,No,0,0
141,144,Zn,12,0.083333333,No,0,0
142,56,Pr,2,0.035714286,No,0,0
143,52,Ce,2,0.038461538,No,0,0
144,218,Mg,6,0.027522936,No,0,0
145,222,Ca,6,0.027027027,No,0,0
146,58,La,2,0.034482759,No,0,0
147,204,Cu,4,0.019607843,No,0,0
148,292,Zn,8,0.02739726,No,0,0
149,54,Fe,6,0.111111111,No,0,0
150,54,Fe,6,0.111111111,No,0,0
151,54,Fe,6,0.111111111,No,0,0
152,54,Fe,6,0.111111111,No,0,0
153,54,Fe,6,0.111111111,No,0,0
154,54,Fe,6,0.111111111,No,0,0
155,312,Ni,16,0.051282051,No,0,0
156,360,Cu,24,0.066666667,No,0,0
157,180,Cu,12,0.066666667,No,0,0
158,96,Cu,4,0.041666667,No,0,0
159,96,Cu,4,0.041666667,No,0,0
160,96,Cu,4,0.041666667,No,0,0
161,96,Cu,4,0.041666667,No,0,0
162,136,Pr,8,0.058823529,No,0,0
163,160,Gd,4,0.025,No,0,0
164,219,Mn,3,0.01369863,No,0,0
165,336,Cu,12,0.035714286,Mo,12,0.035714286
166,99,Cd,3,0.03030303,No,0,0
167,66,Ba,6,0.090909091,No,0,0
168,112,Gd,4,0.035714286,No,0,0
169,192,Ag,16,0.083333333,No,0,0
170,108,Ca,4,0.037037037,No,0,0
171,232,Cd,16,0.068965517,No,0,0
172,132,Cu,4,0.03030303,No,0,0
173,274,Dy,6,0.02189781,No,0,0
174,100,Co,4,0.04,No,0,0
175,52,Mo,4,0.076923077,No,0,0
176,246,Cu,18,0.073170732,No,0,0
177,143,Mg,3,0.020979021,No,0,0
178,112,Nd,4,0.035714286,No,0,0
179,74,Pr,2,0.027027027,No,0,0
180,54,Co,2,0.037037037,No,0,0
181,124,Cu,4,0.032258065,No,0,0
182,138,Mn,6,0.043478261,No,0,0
183,138,Mn,6,0.043478261,No,0,0
184,68,Mn,4,0.058823529,No,0,0
185,84,Co,8,0.095238095,No,0,0
186,172,Dy,8,0.046511628,No,0,0
187,64,Cd,8,0.125,No,0,0
188,64,Cd,8,0.125,No,0,0
189,70,Co,6,0.085714286,No,0,0
190,176,Cu,4,0.022727273,No,0,0
191,70,Co,6,0.085714286,No,0,0
192,124,Co,4,0.032258065,No,0,0
193,54,Co,6,0.111111111,No,0,0
194,56,Pr,4,0.071428571,No,0,0
195,56,Nd,4,0.071428571,No,0,0
196,146,No,0,0,No,0,0
197,96,No,0,0,No,0,0
198,204,Zn,4,0.019607843,No,0,0
199,92,Co,4,0.043478261,No,0,0
200,38,Ga,2,0.052631579,No,0,0
201,100,Dy,4,0.04,No,0,0
202,100,Ho,4,0.04,No,0,0
203,100,Er,4,0.04,No,0,0
204,100,Tm,4,0.04,No,0,0
205,76,Mn,8,0.105263158,Mo,4,0.052631579
206,240,Cu,12,0.05,Mo,4,0.016666667
207,220,Cu,12,0.054545455,Mo,4,0.018181818
208,228,Li,10,0.043859649,No,0,0
209,148,Cd,4,0.027027027,No,0,0
210,102,Cu,6,0.058823529,No,0,0
211,94,Dy,4,0.042553191,No,0,0
212,60,La,2,0.033333333,No,0,0
213,116,Nd,4,0.034482759,No,0,0
214,128,Cu,16,0.125,No,0,0
215,120,Cu,16,0.133333333,No,0,0
216,220,Cd,4,0.018181818,No,0,0
217,238,Zn,6,0.025210084,No,0,0
218,37,Mn,1,0.027027027,No,0,0
219,41,Mn,1,0.024390244,No,0,0
220,54,Co,6,0.111111111,No,0,0
221,304,Mn,6,0.019736842,No,0,0
222,284,Cu,8,0.028169014,No,0,0
223,136,Cd,4,0.029411765,No,0,0
224,136,Cd,4,0.029411765,No,0,0
225,140,Cu,4,0.028571429,No,0,0
226,112,Yb,2,0.017857143,No,0,0
227,180,Mn,12,0.066666667,No,0,0
228,180,Co,12,0.066666667,No,0,0
229,176,Y,4,0.022727273,No,0,0
230,176,Yb,4,0.022727273,No,0,0
231,176,Lu,4,0.022727273,No,0,0
232,176,Sm,4,0.022727273,No,0,0
233,176,Gd,4,0.022727273,No,0,0
234,176,Dy,4,0.022727273,No,0,0
235,176,Ho,4,0.022727273,No,0,0
236,176,Er,4,0.022727273,No,0,0
237,176,Tm,4,0.022727273,No,0,0
238,252,Nd,12,0.047619048,No,0,0
239,96,Co,4,0.041666667,No,0,0
240,96,Ni,4,0.041666667,No,0,0
241,100,Co,4,0.04,No,0,0
242,100,Ni,4,0.04,No,0,0
243,170,Mn,6,0.035294118,No,0,0
244,180,Co,12,0.066666667,No,0,0
245,69,Fe,3,0.043478261,No,0,0
246,69,Fe,3,0.043478261,No,0,0
247,69,Fe,3,0.043478261,No,0,0
248,69,Fe,3,0.043478261,No,0,0
249,34,Zn,2,0.058823529,No,0,0
250,340,Co,20,0.058823529,No,0,0
251,58,Cu,6,0.103448276,No,0,0
252,64,Cu,4,0.0625,No,0,0
253,64,Cu,4,0.0625,No,0,0
254,328,Co,8,0.024390244,No,0,0
255,136,Co,4,0.029411765,No,0,0
256,96,Mn,2,0.020833333,No,0,0
257,82,Mn,2,0.024390244,No,0,0
258,256,Zn,16,0.0625,No,0,0
259,200,Mn,12,0.06,No,0,0
260,112,Cu,8,0.071428571,No,0,0
261,180,Mn,4,0.022222222,No,0,0
262,34,Cd,1,0.029411765,Ni,1,0.029411765
263,64,V,4,0.0625,Ni,2,0.03125
264,64,V,4,0.0625,Co,2,0.03125
265,200,Cd,4,0.02,No,0,0
266,208,Zn,8,0.038461538,No,0,0
267,176,Mn,8,0.045454545,No,0,0
268,244,Nd,4,0.016393443,No,0,0
269,244,Pr,4,0.016393443,No,0,0
270,376,Co,8,0.021276596,No,0,0
271,160,Zn,4,0.025,No,0,0
272,74,Co,6,0.081081081,No,0,0
273,223,Mn,3,0.013452915,Zn,6,0.02690583
274,34,Cu,10,0.294117647,No,0,0
275,34,Cu,10,0.294117647,No,0,0
276,34,Cu,10,0.294117647,No,0,0
277,36,Ga,2,0.055555556,No,0,0
278,222,In,3,0.013513514,No,0,0
279,156,Cu,12,0.076923077,No,0,0
280,156,Cu,12,0.076923077,No,0,0
281,156,Cu,12,0.076923077,No,0,0
282,156,Cu,12,0.076923077,No,0,0
283,156,Cu,12,0.076923077,No,0,0
284,156,Cu,12,0.076923077,No,0,0
285,156,Cu,12,0.076923077,No,0,0
286,156,Cu,12,0.076923077,No,0,0
287,156,Cu,12,0.076923077,No,0,0
288,156,Cu,12,0.076923077,No,0,0
289,156,Cu,12,0.076923077,No,0,0
290,156,Cu,12,0.076923077,No,0,0
291,156,Cu,12,0.076923077,No,0,0
292,156,Cu,12,0.076923077,No,0,0
293,156,Cu,12,0.076923077,No,0,0
294,156,Cu,12,0.076923077,No,0,0
295,156,Cu,12,0.076923077,No,0,0
296,156,Cu,12,0.076923077,No,0,0
297,156,Cu,12,0.076923077,No,0,0
298,156,Cu,12,0.076923077,No,0,0
299,156,Cu,12,0.076923077,No,0,0
300,156,Cu,12,0.076923077,No,0,0
301,156,Cu,12,0.076923077,No,0,0
302,156,Cu,12,0.076923077,No,0,0
303,156,Cu,12,0.076923077,No,0,0
304,156,Cu,12,0.076923077,No,0,0
305,156,Cu,12,0.076923077,No,0,0
306,156,Cu,12,0.076923077,No,0,0
307,156,Cu,12,0.076923077,No,0,0
308,156,Cu,12,0.076923077,No,0,0
309,156,Cu,12,0.076923077,No,0,0
310,156,Cu,12,0.076923077,No,0,0
311,156,Cu,12,0.076923077,No,0,0
312,156,Cu,12,0.076923077,No,0,0
313,156,Cu,12,0.076923077,No,0,0
314,156,Cu,12,0.076923077,No,0,0
315,156,Cu,12,0.076923077,No,0,0
316,156,Cu,12,0.076923077,No,0,0
317,222,In,3,0.013513514,No,0,0
318,52,Cd,2,0.038461538,Ni,2,0.038461538
319,88,Zn,8,0.090909091,No,0,0
320,244,Cu,4,0.016393443,No,0,0
321,186,K,6,0.032258065,U,2,0.010752688
322,122,U,2,0.016393443,No,0,0
323,240,Mn,8,0.033333333,No,0,0
324,20,Zn,2,0.1,Ni,2,0.1
325,95,Cd,3,0.031578947,No,0,0
326,66,Zn,2,0.03030303,Ni,2,0.03030303
327,20,Zn,2,0.1,Ni,2,0.1
328,296,Cd,8,0.027027027,No,0,0
329,76,Gd,4,0.052631579,No,0,0
330,76,Gd,4,0.052631579,No,0,0
331,76,Gd,4,0.052631579,No,0,0
332,76,Gd,4,0.052631579,No,0,0
333,76,Gd,4,0.052631579,No,0,0
334,76,Gd,4,0.052631579,No,0,0
335,146,Fe,10,0.068493151,No,0,0
336,183,Zn,3,0.016393443,No,0,0
337,49,Ni,3,0.06122449,No,0,0
338,51,Ni,3,0.058823529,No,0,0
339,216,Cd,8,0.037037037,No,0,0
340,116,Cu,8,0.068965517,No,0,0
341,104,Co,8,0.076923077,No,0,0
342,84,U,6,0.071428571,No,0,0
343,66,U,6,0.090909091,No,0,0
344,108,Zn,4,0.037037037,No,0,0
345,108,Co,12,0.111111111,No,0,0
346,108,Co,12,0.111111111,No,0,0
347,108,Co,12,0.111111111,No,0,0
348,148,Cu,4,0.027027027,No,0,0
349,106,Zn,8,0.075471698,No,0,0
350,112,Mn,8,0.071428571,Re,24,0.214285714
351,112,Mn,8,0.071428571,Re,24,0.214285714
352,112,Mn,8,0.071428571,Re,24,0.214285714
353,112,Mn,8,0.071428571,Re,24,0.214285714
354,176,Zn,8,0.045454545,Co,8,0.045454545
355,166,Zn,8,0.048192771,No,0,0
356,38,Al,2,0.052631579,No,0,0
357,75,Al,4,0.053333333,No,0,0
358,38,Al,2,0.052631579,No,0,0
359,51,Co,3,0.058823529,No,0,0
360,172,Sr,8,0.046511628,Cd,4,0.023255814
361,144,Ca,4,0.027777778,Cd,4,0.027777778
362,230,Ca,2,0.008695652,Cd,4,0.017391304
363,60,Ce,2,0.033333333,No,0,0
364,60,Y,2,0.033333333,No,0,0
365,60,Pr,2,0.033333333,No,0,0
366,60,Nd,2,0.033333333,No,0,0
367,60,Sm,2,0.033333333,No,0,0
368,60,Gd,2,0.033333333,No,0,0
369,60,Dy,2,0.033333333,No,0,0
370,60,Er,2,0.033333333,No,0,0
371,60,Tm,2,0.033333333,No,0,0
372,304,Zn,8,0.026315789,No,0,0
373,224,Zn,4,0.017857143,No,0,0
374,232,Co,8,0.034482759,No,0,0
375,232,Co,8,0.034482759,No,0,0
376,67,Co,3,0.044776119,No,0,0
377,176,Zn,16,0.090909091,No,0,0
378,48,La,2,0.041666667,No,0,0
379,54,La,2,0.037037037,No,0,0
380,52,Nd,2,0.038461538,No,0,0
381,56,Sm,2,0.035714286,No,0,0
382,56,Gd,2,0.035714286,No,0,0
383,56,Gd,2,0.035714286,No,0,0
384,56,Er,2,0.035714286,No,0,0
385,64,La,2,0.03125,No,0,0
386,64,Nd,2,0.03125,No,0,0
387,64,Ce,2,0.03125,No,0,0
388,356,Cu,16,0.04494382,W,4,0.011235955
389,88,Cu,4,0.045454545,No,0,0
390,68,Sc,4,0.058823529,No,0,0
391,132,Zn,4,0.03030303,No,0,0
392,201,Cd,3,0.014925373,No,0,0
393,196,Cd,4,0.020408163,No,0,0
394,196,Co,4,0.020408163,No,0,0
395,392,Cd,8,0.020408163,No,0,0
396,400,Co,12,0.03,No,0,0
397,367,Mn,16,0.04359673,No,0,0
398,54,Cd,6,0.111111111,No,0,0
399,144,Zn,4,0.027777778,No,0,0
400,45,K,1,0.022222222,Mn,1,0.022222222
401,94,Nd,4,0.042553191,No,0,0
402,160,Ag,4,0.025,No,0,0
403,143,Co,3,0.020979021,No,0,0
404,176,Zn,16,0.090909091,No,0,0
405,192,Be,16,0.083333333,No,0,0
406,62,Mn,2,0.032258065,No,0,0
407,62,Cd,2,0.032258065,No,0,0
408,124,Mn,4,0.032258065,No,0,0
409,125,La,2,0.016,Cu,3,0.024
410,125,Nd,2,0.016,Cu,3,0.024
411,216,Pr,8,0.037037037,Cu,8,0.037037037
412,99,Cd,3,0.03030303,No,0,0
413,334,Zn,8,0.023952096,No,0,0
414,156,Cd,4,0.025641026,No,0,0
415,156,Cd,4,0.025641026,No,0,0
416,156,Cu,4,0.025641026,No,0,0
417,156,Co,4,0.025641026,No,0,0
418,94,Nd,4,0.042553191,No,0,0
419,160,Gd,8,0.05,No,0,0
420,160,Sm,8,0.05,No,0,0
421,160,Ce,8,0.05,No,0,0
422,142,Cu,4,0.028169014,No,0,0
423,158,In,4,0.025316456,No,0,0
424,192,Co,12,0.0625,No,0,0
425,72,Ag,2,0.027777778,No,0,0
426,100,La,4,0.04,Mo,8,0.08
427,260,Zn,4,0.015384615,No,0,0
428,252,Zn,16,0.063492063,No,0,0
429,44,Tm,2,0.045454545,No,0,0
430,148,Zn,4,0.027027027,No,0,0
431,140,Zn,4,0.028571429,No,0,0
432,74,Zn,2,0.027027027,No,0,0
433,56,Co,4,0.071428571,Hg,4,0.071428571
434,216,Zn,8,0.037037037,No,0,0
435,214,Zn,8,0.037383178,No,0,0
436,220,Rb,12,0.054545455,No,0,0
437,196,La,4,0.020408163,No,0,0
438,143,Ni,9,0.062937063,No,0,0
439,156,Co,6,0.038461538,No,0,0
440,128,Co,8,0.0625,No,0,0
441,56,Pr,2,0.035714286,No,0,0
442,172,Ba,8,0.046511628,Cd,4,0.023255814
443,50,Ni,2,0.04,No,0,0
444,95,Co,5,0.052631579,No,0,0
445,146,Ni,6,0.04109589,No,0,0
446,234,Zn,18,0.076923077,No,0,0
447,234,Zn,18,0.076923077,No,0,0
448,102,Mn,6,0.058823529,No,0,0
449,102,Mn,6,0.058823529,No,0,0
450,102,Mn,6,0.058823529,No,0,0
451,102,Mn,6,0.058823529,No,0,0
452,102,Mn,6,0.058823529,No,0,0
453,102,Mn,6,0.058823529,No,0,0
454,102,Mn,6,0.058823529,No,0,0
455,102,Mn,6,0.058823529,No,0,0
456,102,Mn,6,0.058823529,No,0,0
457,164,Ag,14,0.085365854,No,0,0
458,164,Ag,14,0.085365854,No,0,0
459,58,Zn,2,0.034482759,No,0,0
460,58,Zn,2,0.034482759,No,0,0
461,156,Cu,12,0.076923077,No,0,0
462,108,Fe,12,0.111111111,No,0,0
463,108,Co,12,0.111111111,No,0,0
464,16,Ho,2,0.125,No,0,0
465,92,K,4,0.043478261,U,4,0.043478261
466,92,K,4,0.043478261,U,4,0.043478261
467,56,Cd,4,0.071428571,Hg,4,0.071428571
468,84,Sr,4,0.047619048,Co,4,0.047619048
469,28,Zn,1,0.035714286,No,0,0
470,172,Gd,8,0.046511628,No,0,0
471,172,La,8,0.046511628,No,0,0
472,164,Zn,4,0.024390244,No,0,0
473,82,Zn,2,0.024390244,No,0,0
474,168,Zn,4,0.023809524,No,0,0
475,84,Zn,2,0.023809524,No,0,0
476,176,Zn,4,0.022727273,No,0,0
477,88,Zn,2,0.022727273,No,0,0
478,130,Cu,6,0.046153846,No,0,0
479,300,Cd,6,0.02,No,0,0
480,84,Mn,8,0.095238095,No,0,0
481,162,Fe,6,0.037037037,No,0,0
482,196,Zn,4,0.020408163,No,0,0
483,94,Gd,4,0.042553191,No,0,0
484,68,Zn,4,0.058823529,No,0,0
485,68,Mn,8,0.117647059,No,0,0
486,180,Zn,8,0.044444444,No,0,0
487,164,Zn,8,0.048780488,No,0,0
488,166,Gd,4,0.024096386,Zn,6,0.036144578
489,104,Ce,4,0.038461538,No,0,0
490,104,Pr,4,0.038461538,No,0,0
491,104,Nd,4,0.038461538,No,0,0
492,104,Sm,4,0.038461538,No,0,0
493,104,Gd,4,0.038461538,No,0,0
494,104,Y,4,0.038461538,No,0,0
495,360,Ni,8,0.022222222,No,0,0
496,280,Zn,8,0.028571429,No,0,0
497,180,Cd,4,0.022222222,No,0,0
498,34,Cd,6,0.176470588,No,0,0
499,284,K,2,0.007042254,Cd,6,0.021126761
500,188,Cd,4,0.021276596,No,0,0
501,184,Ni,4,0.02173913,No,0,0
502,30,Zn,2,0.066666667,No,0,0
503,90,Cd,6,0.066666667,No,0,0
504,30,Cu,2,0.066666667,No,0,0
505,204,Co,24,0.117647059,No,0,0
506,324,Ni,24,0.074074074,No,0,0
507,128,Nd,4,0.03125,No,0,0
508,128,Nd,4,0.03125,No,0,0
509,128,Nd,4,0.03125,No,0,0
510,128,Nd,4,0.03125,No,0,0
511,128,Nd,4,0.03125,No,0,0
512,128,Nd,4,0.03125,No,0,0
513,160,Nd,4,0.025,No,0,0
514,128,Nd,4,0.03125,No,0,0
515,172,Nd,4,0.023255814,No,0,0
516,128,Nd,4,0.03125,No,0,0
517,176,Dy,4,0.022727273,No,0,0
518,358,Zn,6,0.016759777,No,0,0
519,166,Sm,4,0.024096386,Cu,6,0.036144578
520,130,Cu,8,0.061538462,No,0,0
521,132,Ni,2,0.015151515,No,0,0
522,106,Cd,2,0.018867925,No,0,0
523,64,Gd,4,0.0625,No,0,0
524,148,Cu,8,0.054054054,No,0,0
525,28,Cd,1,0.035714286,Ni,1,0.035714286
526,34,Cd,1,0.029411765,Ni,1,0.029411765
527,66,Cd,4,0.060606061,No,0,0
528,154,Zn,4,0.025974026,No,0,0
529,66,Ce,2,0.03030303,Ru,4,0.060606061
530,66,Dy,2,0.03030303,Ru,4,0.060606061
531,66,Er,2,0.03030303,Ru,4,0.060606061
532,66,Gd,2,0.03030303,Ru,4,0.060606061
533,66,Ho,2,0.03030303,Ru,4,0.060606061
534,66,La,2,0.03030303,Ru,4,0.060606061
535,66,Nd,2,0.03030303,Ru,4,0.060606061
536,78,Pr,2,0.025641026,Ru,4,0.051282051
537,136,Co,4,0.029411765,No,0,0
538,252,Co,12,0.047619048,No,0,0
539,210,Zn,10,0.047619048,No,0,0
540,288,Cu,32,0.111111111,No,0,0
541,428,La,8,0.018691589,No,0,0
542,142,Cu,8,0.056338028,Mo,2,0.014084507
543,142,Cu,8,0.056338028,Mo,2,0.014084507
544,142,Cu,8,0.056338028,Mo,2,0.014084507
545,71,Cd,3,0.042253521,No,0,0
546,75,Cd,3,0.04,No,0,0
547,69,Zn,3,0.043478261,No,0,0
548,42,Zn,2,0.047619048,No,0,0
549,44,U,4,0.090909091,No,0,0
550,72,Cu,8,0.111111111,No,0,0
551,72,Al,12,0.166666667,No,0,0
552,72,Al,12,0.166666667,No,0,0
553,140,Co,4,0.028571429,No,0,0
554,162,Zn,4,0.024691358,No,0,0
555,142,Cd,10,0.070422535,No,0,0
556,80,Mn,4,0.05,Cr,4,0.05
557,384,Cu,32,0.083333333,No,0,0
558,140,Cd,6,0.042857143,No,0,0
559,252,Cd,12,0.047619048,No,0,0
560,108,La,2,0.018518519,No,0,0
561,158,Co,4,0.025316456,No,0,0
562,124,Zn,4,0.032258065,No,0,0
563,124,Zn,4,0.032258065,No,0,0
564,124,Zn,4,0.032258065,No,0,0
565,124,Zn,4,0.032258065,No,0,0
566,76,Al,4,0.052631579,No,0,0
567,76,Al,4,0.052631579,No,0,0
568,116,Ni,8,0.068965517,No,0,0
569,336,Ca,12,0.035714286,No,0,0
570,68,Mg,4,0.058823529,No,0,0
571,189,Fe,3,0.015873016,No,0,0
572,189,Fe,3,0.015873016,No,0,0
573,189,Fe,3,0.015873016,No,0,0
574,189,Fe,3,0.015873016,No,0,0
575,189,Fe,3,0.015873016,No,0,0
576,183,Fe,3,0.016393443,No,0,0
577,120,Zn,4,0.033333333,No,0,0
578,178,Ce,4,0.02247191,Cu,6,0.033707865
579,178,Ho,4,0.02247191,Cu,6,0.033707865
580,116,Ce,4,0.034482759,U,8,0.068965517
581,116,Nd,4,0.034482759,U,8,0.068965517
582,164,Nd,8,0.048780488,No,0,0
583,164,Nd,8,0.048780488,No,0,0
584,164,Nd,8,0.048780488,No,0,0
585,100,Cd,4,0.04,No,0,0
586,108,Cu,6,0.055555556,No,0,0
587,147,Co,3,0.020408163,No,0,0
588,108,Cd,4,0.037037037,No,0,0
589,288,Zn,18,0.0625,No,0,0
590,65,Ce,2,0.030769231,U,3,0.046153846
591,65,Nd,2,0.030769231,U,3,0.046153846
592,112,Ce,4,0.035714286,U,8,0.071428571
593,112,Nd,4,0.035714286,U,8,0.071428571
594,264,Cu,8,0.03030303,No,0,0
595,404,Zn,12,0.02970297,No,0,0
596,168,Cd,4,0.023809524,No,0,0
597,58,Cd,2,0.034482759,No,0,0
598,108,Mg,12,0.111111111,No,0,0
599,108,Mn,12,0.111111111,No,0,0
600,172,Zn,8,0.046511628,No,0,0
601,172,Cd,8,0.046511628,No,0,0
602,89,Zn,3,0.033707865,No,0,0
603,126,Zn,2,0.015873016,No,0,0
604,106,Zn,8,0.075471698,No,0,0
605,212,Zn,16,0.075471698,No,0,0
606,212,Zn,16,0.075471698,No,0,0
607,216,Fe,4,0.018518519,Ni,6,0.027777778
608,272,Zn,16,0.058823529,No,0,0
609,272,Zn,16,0.058823529,No,0,0
610,340,Zn,20,0.058823529,No,0,0
611,154,Zn,8,0.051948052,Co,2,0.012987013
612,380,Zn,8,0.021052632,No,0,0
613,216,Zn,12,0.055555556,No,0,0
614,124,In,4,0.032258065,No,0,0
615,122,Zn,2,0.016393443,No,0,0
616,62,Mn,4,0.064516129,Nb,2,0.032258065
617,34,Cd,2,0.058823529,No,0,0
618,210,Cu,12,0.057142857,No,0,0
619,118,Pr,4,0.033898305,Cu,6,0.050847458
620,266,Ga,24,0.090225564,No,0,0
621,216,Cd,8,0.037037037,No,0,0
622,172,Zn,8,0.046511628,No,0,0
623,208,Cd,8,0.038461538,No,0,0
624,164,Yb,8,0.048780488,No,0,0
625,228,Co,12,0.052631579,No,0,0
626,178,Ni,6,0.033707865,No,0,0
627,178,Ni,6,0.033707865,No,0,0
628,336,Zn,12,0.035714286,No,0,0
629,210,K,6,0.028571429,Zn,4,0.019047619
630,178,Er,4,0.02247191,Cu,6,0.033707865
631,178,La,4,0.02247191,Cu,6,0.033707865
632,192,Zn,6,0.03125,No,0,0
633,192,Zn,6,0.03125,No,0,0
634,192,Zn,6,0.03125,No,0,0
635,192,Zn,6,0.03125,No,0,0
636,192,Zn,6,0.03125,No,0,0
637,192,Zn,6,0.03125,No,0,0
638,145,Cu,3,0.020689655,No,0,0
639,158,Cu,8,0.050632911,No,0,0
640,64,Cu,4,0.0625,No,0,0
641,308,Zn,8,0.025974026,No,0,0
642,296,Cu,8,0.027027027,No,0,0
643,136,In,4,0.029411765,No,0,0
644,63,Cd,3,0.047619048,No,0,0
645,66,La,4,0.060606061,No,0,0
646,56,La,2,0.035714286,No,0,0
647,72,V,4,0.055555556,No,0,0
648,72,V,4,0.055555556,No,0,0
649,304,Mg,16,0.052631579,No,0,0
650,108,Mn,12,0.111111111,No,0,0
651,140,Zn,4,0.028571429,No,0,0
652,140,Zn,4,0.028571429,No,0,0
653,144,Zn,4,0.027777778,No,0,0
654,140,Zn,4,0.028571429,No,0,0
655,140,Zn,4,0.028571429,No,0,0
656,140,Zn,4,0.028571429,No,0,0
657,220,Cr,6,0.027272727,Cu,6,0.027272727
658,130,Er,2,0.015384615,No,0,0
659,130,Er,2,0.015384615,No,0,0
660,94,Er,2,0.021276596,No,0,0
661,86,Tm,2,0.023255814,No,0,0
662,108,Mn,12,0.111111111,No,0,0
663,108,Mn,12,0.111111111,No,0,0
664,108,Mn,12,0.111111111,No,0,0
665,108,Mn,12,0.111111111,No,0,0
666,40,Cu,4,0.1,No,0,0
667,40,Cu,4,0.1,No,0,0
668,36,Nd,2,0.055555556,No,0,0
669,36,Sm,2,0.055555556,No,0,0
670,156,Cu,12,0.076923077,No,0,0
671,36,Gd,2,0.055555556,No,0,0
672,36,Dy,2,0.055555556,No,0,0
673,56,La,2,0.035714286,No,0,0
674,56,Ce,2,0.035714286,No,0,0
675,56,Pr,2,0.035714286,No,0,0
676,56,Nd,2,0.035714286,No,0,0
677,204,Cu,4,0.019607843,No,0,0
678,212,Fe,4,0.018867925,Ni,6,0.028301887
679,212,Co,4,0.018867925,Ni,6,0.028301887
680,124,Gd,4,0.032258065,No,0,0
681,304,Ag,16,0.052631579,No,0,0
682,94,Ag,6,0.063829787,No,0,0
683,64,Er,4,0.0625,No,0,0
684,108,Mn,12,0.111111111,No,0,0
685,106,Zn,8,0.075471698,No,0,0
686,130,Zn,8,0.061538462,No,0,0
687,71,Zn,4,0.056338028,No,0,0
688,348,Dy,4,0.011494253,Ni,4,0.011494253
689,78,Ca,6,0.076923077,No,0,0
690,74,Zn,2,0.027027027,No,0,0
691,228,In,4,0.01754386,No,0,0
692,138,Fe,6,0.043478261,No,0,0
693,134,Cd,14,0.104477612,No,0,0
694,408,Cd,4,0.009803922,No,0,0
695,408,Cd,4,0.009803922,No,0,0
696,408,Cd,4,0.009803922,No,0,0
697,282,Cu,10,0.035460993,No,0,0
698,98,Cu,2,0.020408163,No,0,0
699,328,Cu,4,0.012195122,No,0,0
700,132,Co,12,0.090909091,No,0,0
701,132,Co,12,0.090909091,No,0,0
702,132,Co,12,0.090909091,No,0,0
703,104,Cu,4,0.038461538,No,0,0
704,208,Cu,8,0.038461538,No,0,0
705,128,Cu,8,0.0625,No,0,0
706,128,Cu,8,0.0625,No,0,0
707,72,V,4,0.055555556,No,0,0
708,72,V,4,0.055555556,No,0,0
709,72,V,4,0.055555556,No,0,0
710,72,V,4,0.055555556,No,0,0
711,72,V,4,0.055555556,No,0,0
712,72,V,4,0.055555556,No,0,0
713,72,V,4,0.055555556,No,0,0
714,328,Zn,8,0.024390244,No,0,0
715,232,Zn,8,0.034482759,No,0,0
716,114,Zn,4,0.035087719,No,0,0
717,260,Co,4,0.015384615,No,0,0
718,90,Zn,2,0.022222222,No,0,0
719,264,In,9,0.034090909,No,0,0
720,134,Cd,6,0.044776119,No,0,0
721,176,Cu,8,0.045454545,No,0,0
722,108,Zn,4,0.037037037,No,0,0
723,130,Cu,6,0.046153846,No,0,0
724,62,Al,10,0.161290323,No,0,0
725,124,Ag,4,0.032258065,No,0,0
726,178,Sm,4,0.02247191,Cu,6,0.033707865
727,46,K,2,0.043478261,Gd,2,0.043478261
728,131,Co,3,0.022900763,No,0,0
729,196,Nd,4,0.020408163,No,0,0
730,162,Mg,6,0.037037037,No,0,0
731,332,Cu,16,0.048192771,No,0,0
732,248,Cu,16,0.064516129,No,0,0
733,448,Zn,24,0.053571429,No,0,0
734,46,Zn,2,0.043478261,No,0,0
735,108,Mn,12,0.111111111,No,0,0
736,108,Mn,12,0.111111111,No,0,0
737,131,Na,13,0.099236641,W,18,0.13740458
738,76,Y,4,0.052631579,No,0,0
739,48,Np,6,0.125,No,0,0
740,10,Cd,2,0.2,No,0,0
741,112,Sm,4,0.035714286,No,0,0
742,112,Pr,4,0.035714286,No,0,0
743,34,Cu,10,0.294117647,No,0,0
744,166,Ni,4,0.024096386,No,0,0
745,134,Zn,6,0.044776119,No,0,0
746,128,Zn,4,0.03125,No,0,0
747,128,Zn,4,0.03125,No,0,0
748,192,Cu,12,0.0625,No,0,0
749,224,Cd,8,0.035714286,No,0,0
750,354,Cd,6,0.016949153,No,0,0
751,87,Co,3,0.034482759,No,0,0
752,208,Dy,16,0.076923077,No,0,0
753,132,Cu,12,0.090909091,No,0,0
754,156,Mn,6,0.038461538,No,0,0
755,120,Ca,4,0.033333333,No,0,0
756,120,Ca,4,0.033333333,No,0,0
757,120,Ca,4,0.033333333,No,0,0
758,64,Ca,4,0.0625,No,0,0
759,64,Ca,4,0.0625,No,0,0
760,96,Ca,6,0.0625,No,0,0
761,15,Cd,3,0.2,No,0,0
762,296,Zn,8,0.027027027,No,0,0
763,102,Zn,6,0.058823529,No,0,0
764,102,Zn,6,0.058823529,No,0,0
765,110,Gd,4,0.036363636,Co,2,0.018181818
766,72,Ag,6,0.083333333,No,0,0
767,216,Cd,8,0.037037037,No,0,0
768,216,Cd,8,0.037037037,No,0,0
769,180,Mn,4,0.022222222,No,0,0
770,160,Pr,8,0.05,No,0,0
771,104,Cd,4,0.038461538,No,0,0
772,94,Dy,4,0.042553191,No,0,0
773,266,Co,6,0.022556391,No,0,0
774,128,La,8,0.0625,No,0,0
775,148,Zn,4,0.027027027,No,0,0
776,112,Mn,8,0.071428571,Re,24,0.214285714
777,274,Cd,12,0.04379562,No,0,0
778,274,Zn,12,0.04379562,No,0,0
779,52,La,4,0.076923077,No,0,0
780,102,Mg,6,0.058823529,No,0,0
781,162,Mg,6,0.037037037,No,0,0
782,174,Zn,6,0.034482759,No,0,0
783,86,Tm,2,0.023255814,No,0,0
784,100,Tm,4,0.04,No,0,0
785,200,Tm,8,0.04,No,0,0
786,114,Zn,2,0.01754386,No,0,0
787,324,Cd,4,0.012345679,No,0,0
788,162,Zn,2,0.012345679,No,0,0
789,142,Ni,2,0.014084507,No,0,0
790,328,Ce,8,0.024390244,No,0,0
791,328,Nd,8,0.024390244,No,0,0
792,242,Yb,8,0.033057851,No,0,0
793,242,Y,8,0.033057851,No,0,0
794,111,Co,5,0.045045045,No,0,0
795,84,Gd,4,0.047619048,No,0,0
796,84,Dy,4,0.047619048,No,0,0
797,144,Na,12,0.083333333,No,0,0
798,178,La,4,0.02247191,Cu,6,0.033707865
799,178,La,4,0.02247191,Cu,6,0.033707865
800,178,La,4,0.02247191,Cu,6,0.033707865
801,178,La,4,0.02247191,Cu,6,0.033707865
802,264,Mn,8,0.03030303,No,0,0
803,176,Cu,4,0.022727273,No,0,0
804,84,Cd,2,0.023809524,Ni,2,0.023809524
805,178,Dy,4,0.02247191,Cu,6,0.033707865
806,100,Yb,4,0.04,No,0,0
807,212,Zn,8,0.037735849,No,0,0
808,42,Cd,4,0.095238095,No,0,0
809,92,Cu,8,0.086956522,No,0,0
810,320,Nd,8,0.025,No,0,0
811,320,Sm,8,0.025,No,0,0
812,138,Zn,10,0.072463768,No,0,0
813,188,Fe,2,0.010638298,Ag,6,0.031914894
814,188,Zn,2,0.010638298,Ag,6,0.031914894
815,188,Zn,2,0.010638298,Ag,6,0.031914894
816,81,Cu,3,0.037037037,No,0,0
817,50,Y,2,0.04,No,0,0
818,50,Y,2,0.04,No,0,0
819,50,Y,2,0.04,No,0,0
820,50,Y,2,0.04,No,0,0
821,100,Y,4,0.04,No,0,0
822,100,Y,4,0.04,No,0,0
823,50,Y,2,0.04,No,0,0
824,50,Sm,2,0.04,No,0,0
825,50,Gd,2,0.04,No,0,0
826,80,Y,4,0.05,No,0,0
827,102,Cd,6,0.058823529,No,0,0
828,114,Cu,12,0.105263158,No,0,0
829,124,Co,4,0.032258065,No,0,0
830,84,Co,4,0.047619048,No,0,0
831,96,Cu,6,0.0625,No,0,0
832,76,Y,4,0.052631579,No,0,0
833,76,Dy,4,0.052631579,No,0,0
834,76,Dy,4,0.052631579,No,0,0
835,76,Er,4,0.052631579,No,0,0
836,76,Er,4,0.052631579,No,0,0
837,76,Yb,4,0.052631579,No,0,0
838,106,Zn,8,0.075471698,No,0,0
839,106,Zn,8,0.075471698,No,0,0
840,106,Zn,8,0.075471698,No,0,0
841,106,Zn,8,0.075471698,No,0,0
842,95,Cu,5,0.052631579,No,0,0
843,276,Cd,4,0.014492754,No,0,0
844,78,Dy,2,0.025641026,No,0,0
845,224,Cu,8,0.035714286,No,0,0
846,64,Zn,4,0.0625,No,0,0
847,256,Zn,16,0.0625,No,0,0
848,40,Cd,8,0.2,No,0,0
849,56,Sr,4,0.071428571,No,0,0
850,312,La,4,0.012820513,No,0,0
851,138,La,4,0.028985507,No,0,0
852,400,Cu,64,0.16,No,0,0
853,74,Zn,6,0.081081081,No,0,0
854,74,Zn,6,0.081081081,No,0,0
855,138,Mg,6,0.043478261,No,0,0
856,138,Mg,6,0.043478261,No,0,0
857,148,Co,12,0.081081081,No,0,0
858,178,Ag,6,0.033707865,No,0,0
859,120,Sr,4,0.033333333,No,0,0
860,120,Sr,4,0.033333333,No,0,0
861,120,Ca,4,0.033333333,No,0,0
862,164,Cu,12,0.073170732,No,0,0
863,320,Zn,4,0.0125,No,0,0
864,160,Mn,4,0.025,No,0,0
865,48,Cu,2,0.041666667,No,0,0
866,132,Zn,4,0.03030303,No,0,0
867,138,Mn,6,0.043478261,No,0,0
868,138,Mn,6,0.043478261,No,0,0
869,170,Ni,6,0.035294118,No,0,0
870,144,Al,24,0.166666667,No,0,0
871,184,Na,2,0.010869565,Zn,2,0.010869565
872,114,In,6,0.052631579,No,0,0
873,108,Ga,6,0.055555556,No,0,0
874,38,Zn,2,0.052631579,No,0,0
875,150,Zn,14,0.093333333,No,0,0
876,68,Ce,2,0.029411765,No,0,0
877,124,Mn,4,0.032258065,No,0,0
878,124,Mn,4,0.032258065,No,0,0
879,124,Mn,4,0.032258065,No,0,0
880,124,Mn,4,0.032258065,No,0,0
881,124,Mn,4,0.032258065,No,0,0
882,124,Mn,4,0.032258065,No,0,0
883,248,Mn,8,0.032258065,No,0,0
884,20,Fe,1,0.05,Ni,1,0.05
885,228,Mn,4,0.01754386,No,0,0
886,220,Co,4,0.018181818,No,0,0
887,140,Na,8,0.057142857,Co,4,0.028571429
888,248,Cd,8,0.032258065,No,0,0
889,58,Mn,6,0.103448276,W,12,0.206896552
890,58,Co,6,0.103448276,W,12,0.206896552
891,56,Zn,4,0.071428571,W,12,0.214285714
892,200,Zn,8,0.04,No,0,0
893,200,Co,8,0.04,No,0,0
894,100,Zn,2,0.02,No,0,0
895,112,Mn,4,0.035714286,No,0,0
896,136,Mn,8,0.058823529,No,0,0
897,136,Mn,8,0.058823529,No,0,0
898,136,Mn,8,0.058823529,No,0,0
899,112,Mn,4,0.035714286,No,0,0
900,112,Mn,4,0.035714286,No,0,0
901,112,Mn,4,0.035714286,No,0,0
902,112,Mn,4,0.035714286,No,0,0
903,276,Zn,12,0.043478261,No,0,0
904,108,Cu,6,0.055555556,No,0,0
905,104,Cu,4,0.038461538,No,0,0
906,104,Cu,4,0.038461538,No,0,0
907,104,Cu,4,0.038461538,No,0,0
908,116,Cu,4,0.034482759,No,0,0
909,116,Cu,4,0.034482759,No,0,0
910,144,Cu,4,0.027777778,No,0,0
911,144,Cu,4,0.027777778,No,0,0
912,80,Zn,4,0.05,No,0,0
913,102,Mn,6,0.058823529,No,0,0
914,102,Mn,6,0.058823529,No,0,0
915,218,Mn,4,0.018348624,No,0,0
916,160,Zn,4,0.025,No,0,0
917,200,Ti,8,0.04,No,0,0
918,76,Lu,4,0.052631579,No,0,0
919,232,Cu,12,0.051724138,Mo,4,0.017241379
920,108,Zn,4,0.037037037,No,0,0
921,132,Zn,4,0.03030303,No,0,0
922,180,Zn,4,0.022222222,No,0,0
923,196,Zn,4,0.020408163,No,0,0
924,49,Zn,3,0.06122449,No,0,0
925,144,Zn,8,0.055555556,No,0,0
926,204,Mn,10,0.049019608,Ni,2,0.009803922
927,112,Zn,4,0.035714286,No,0,0
928,112,Zn,4,0.035714286,No,0,0
929,112,Zn,4,0.035714286,No,0,0
930,132,Cd,4,0.03030303,No,0,0
931,248,Cd,8,0.032258065,No,0,0
932,208,Tm,16,0.076923077,No,0,0
933,76,Sm,4,0.052631579,No,0,0
934,54,Mg,6,0.111111111,No,0,0
935,54,Mg,6,0.111111111,No,0,0
936,106,Zn,8,0.075471698,No,0,0
937,106,Zn,8,0.075471698,No,0,0
938,106,Zn,8,0.075471698,No,0,0
939,166,Mn,6,0.036144578,No,0,0
940,196,Cd,4,0.020408163,No,0,0
941,116,Zn,2,0.017241379,No,0,0
942,340,La,4,0.011764706,No,0,0
943,96,Pr,2,0.020833333,No,0,0
944,170,Sm,2,0.011764706,No,0,0
945,180,Dy,2,0.011111111,Cu,2,0.011111111
946,192,Ga,12,0.0625,No,0,0
947,72,V,4,0.055555556,No,0,0
948,74,Fe,6,0.081081081,No,0,0
949,146,Fe,6,0.04109589,No,0,0
950,108,Zn,4,0.037037037,No,0,0
951,36,Cr,2,0.055555556,No,0,0
952,36,Cr,2,0.055555556,No,0,0
953,64,Er,4,0.0625,No,0,0
954,224,Zn,8,0.035714286,No,0,0
955,108,Cu,6,0.055555556,No,0,0
956,102,Cu,6,0.058823529,No,0,0
957,136,Cd,24,0.176470588,No,0,0
958,248,Cd,24,0.096774194,No,0,0
959,248,Cd,24,0.096774194,No,0,0
960,54,Zn,2,0.037037037,No,0,0
961,234,Zn,18,0.076923077,No,0,0
962,68,Pb,4,0.058823529,No,0,0
963,180,Ag,28,0.155555556,No,0,0
964,200,Co,12,0.06,No,0,0
965,72,Li,8,0.111111111,No,0,0
966,134,Co,6,0.044776119,No,0,0
967,118,Cu,4,0.033898305,No,0,0
968,256,Co,8,0.03125,No,0,0
969,368,Zn,8,0.02173913,No,0,0
970,108,Cu,4,0.037037037,No,0,0
971,162,Cu,6,0.037037037,No,0,0
972,304,Cd,8,0.026315789,No,0,0
973,120,Zn,12,0.1,No,0,0
974,136,La,4,0.029411765,No,0,0
975,88,Cu,4,0.045454545,No,0,0
976,166,Dy,4,0.024096386,Cu,6,0.036144578
977,166,Ho,4,0.024096386,Cu,6,0.036144578
978,76,Lu,4,0.052631579,No,0,0
979,248,Cd,4,0.016129032,No,0,0
980,244,Zn,4,0.016393443,No,0,0
981,122,Zn,2,0.016393443,No,0,0
982,122,Zn,2,0.016393443,No,0,0
983,122,Zn,2,0.016393443,No,0,0
984,128,Mn,8,0.0625,No,0,0
985,204,Fe,12,0.058823529,No,0,0
986,42,Zn,2,0.047619048,No,0,0
987,96,Mg,6,0.0625,No,0,0
988,96,Mg,6,0.0625,No,0,0
989,80,Cu,4,0.05,No,0,0
990,152,Y,8,0.052631579,No,0,0
991,76,Y,4,0.052631579,No,0,0
992,296,Co,16,0.054054054,No,0,0
993,153,Co,3,0.019607843,No,0,0
994,224,Zn,16,0.071428571,No,0,0
995,200,Ba,4,0.02,No,0,0
996,116,U,6,0.051724138,No,0,0
997,80,Cd,4,0.05,No,0,0
998,126,Co,2,0.015873016,No,0,0
999,316,Ag,48,0.151898734,No,0,0
1000,108,Mg,12,0.111111111,No,0,0
1001,108,Mg,12,0.111111111,No,0,0
1002,108,Mg,12,0.111111111,No,0,0
1003,100,Cu,4,0.04,No,0,0
1004,192,In,8,0.041666667,No,0,0
1005,180,In,4,0.022222222,No,0,0
1006,296,Sm,8,0.027027027,No,0,0
1007,141,Mn,3,0.021276596,No,0,0
1008,142,Mn,1,0.007042254,Co,3,0.021126761
1009,142,Mn,1,0.007042254,Ni,3,0.021126761
1010,184,Cu,8,0.043478261,No,0,0
1011,17,Mn,3,0.176470588,No,0,0
1012,141,Zn,3,0.021276596,No,0,0
1013,141,Zn,3,0.021276596,No,0,0
1014,248,Zn,8,0.032258065,No,0,0
1015,108,Cu,4,0.037037037,No,0,0
1016,216,Cu,8,0.037037037,No,0,0
1017,116,Cu,4,0.034482759,No,0,0
1018,224,Cd,8,0.035714286,No,0,0
1019,114,Co,6,0.052631579,W,4,0.035087719
1020,100,Er,4,0.04,No,0,0
1021,198,Cu,6,0.03030303,No,0,0
1022,172,Co,4,0.023255814,No,0,0
1023,320,Cd,16,0.05,No,0,0
1024,288,Cd,4,0.013888889,Cu,12,0.041666667
1025,288,Cu,12,0.041666667,Hg,4,0.013888889
1026,74,Co,6,0.081081081,No,0,0
1027,56,Co,4,0.071428571,No,0,0
1028,56,Co,4,0.071428571,No,0,0
1029,188,Gd,12,0.063829787,No,0,0
1030,210,Ba,6,0.028571429,Cu,6,0.028571429
1031,54,Ni,6,0.111111111,No,0,0
1032,40,V,2,0.05,No,0,0
1033,76,Er,4,0.052631579,No,0,0
1034,76,Dy,4,0.052631579,No,0,0
1035,76,Ho,4,0.052631579,No,0,0
1036,76,Tm,4,0.052631579,No,0,0
1037,76,Yb,4,0.052631579,No,0,0
1038,108,Fe,12,0.111111111,No,0,0
1039,108,Fe,12,0.111111111,No,0,0
1040,108,Fe,12,0.111111111,No,0,0
1041,108,Fe,12,0.111111111,No,0,0
1042,108,Fe,12,0.111111111,No,0,0
1043,108,Fe,12,0.111111111,No,0,0
1044,166,Nd,4,0.024096386,Cu,6,0.036144578
1045,118,Er,4,0.033898305,Cu,6,0.050847458
1046,146,Ce,2,0.01369863,No,0,0
1047,108,Fe,12,0.111111111,No,0,0
1048,108,Fe,12,0.111111111,No,0,0
1049,108,Fe,12,0.111111111,No,0,0
1050,108,Fe,12,0.111111111,No,0,0
1051,108,Fe,12,0.111111111,No,0,0
1052,108,Fe,12,0.111111111,No,0,0
1053,108,Fe,12,0.111111111,No,0,0
1054,108,Fe,12,0.111111111,No,0,0
1055,108,Fe,12,0.111111111,No,0,0
1056,108,Fe,12,0.111111111,No,0,0
1057,108,Fe,12,0.111111111,No,0,0
1058,108,Fe,12,0.111111111,No,0,0
1059,20,Cd,4,0.2,No,0,0
1060,136,Mg,8,0.058823529,No,0,0
1061,102,Ca,6,0.058823529,No,0,0
1062,51,Sr,3,0.058823529,No,0,0
1063,51,Sr,3,0.058823529,No,0,0
1064,51,Sr,3,0.058823529,No,0,0
1065,51,Sr,3,0.058823529,No,0,0
1066,68,Sr,4,0.058823529,No,0,0
1067,232,Zn,8,0.034482759,No,0,0
1068,72,Pb,8,0.111111111,No,0,0
1069,164,Er,8,0.048780488,No,0,0
1070,171,Zn,9,0.052631579,No,0,0
1071,78,Zn,6,0.076923077,No,0,0
1072,102,Cu,6,0.058823529,No,0,0
1073,102,Cu,6,0.058823529,No,0,0
1074,108,La,4,0.037037037,No,0,0
1075,166,La,4,0.024096386,Zn,6,0.036144578
1076,200,Ni,4,0.02,No,0,0
1077,160,Ag,4,0.025,No,0,0
1078,76,Nd,4,0.052631579,No,0,0
1079,166,Ce,4,0.024096386,Cu,6,0.036144578
1080,144,Zn,4,0.027777778,No,0,0
1081,152,Zn,8,0.052631579,No,0,0
1082,44,Co,4,0.090909091,No,0,0
1083,148,V,8,0.054054054,Ni,4,0.027027027
1084,512,Zn,8,0.015625,No,0,0
1085,56,Nd,2,0.035714286,No,0,0
1086,56,Nd,2,0.035714286,No,0,0
1087,50,V,4,0.08,No,0,0
1088,166,Sm,4,0.024096386,Zn,6,0.036144578
1089,110,Zn,4,0.036363636,No,0,0
1090,222,Zn,6,0.027027027,No,0,0
1091,115,Zn,5,0.043478261,No,0,0
1092,114,Cd,6,0.052631579,No,0,0
1093,222,Zn,10,0.045045045,No,0,0
1094,102,Hf,6,0.058823529,No,0,0
1095,102,Hf,6,0.058823529,No,0,0
1096,216,Cd,8,0.037037037,No,0,0
1097,276,Zn,12,0.043478261,No,0,0
1098,178,Gd,4,0.02247191,Cu,6,0.033707865
1099,178,Sm,4,0.02247191,Cu,6,0.033707865
1100,136,Cd,8,0.058823529,No,0,0
1101,140,Mn,4,0.028571429,No,0,0
1102,116,Cd,2,0.017241379,Cu,2,0.017241379
1103,136,Zn,8,0.058823529,No,0,0
1104,164,Zn,8,0.048780488,No,0,0
1105,164,Zn,8,0.048780488,No,0,0
1106,164,Zn,8,0.048780488,No,0,0
1107,172,Cd,4,0.023255814,No,0,0
1108,344,Cd,8,0.023255814,No,0,0
1109,92,Zn,4,0.043478261,No,0,0
1110,42,Cu,4,0.095238095,No,0,0
1111,104,Sc,6,0.057692308,No,0,0
1112,156,Zn,4,0.025641026,No,0,0
1113,141,Mn,9,0.063829787,No,0,0
1114,72,Cd,8,0.111111111,No,0,0
1115,428,Cd,4,0.009345794,No,0,0
1116,428,Cd,4,0.009345794,No,0,0
1117,408,Cd,4,0.009803922,No,0,0
1118,428,Cd,4,0.009345794,No,0,0
1119,428,Cd,4,0.009345794,No,0,0
1120,428,Cd,4,0.009345794,No,0,0
1121,428,Cd,4,0.009345794,No,0,0
1122,428,Cd,4,0.009345794,No,0,0
1123,428,Cd,4,0.009345794,No,0,0
1124,428,Cd,4,0.009345794,No,0,0
1125,428,Cd,4,0.009345794,No,0,0
1126,408,Cd,4,0.009803922,No,0,0
1127,408,Cd,4,0.009803922,No,0,0
1128,408,Cd,4,0.009803922,No,0,0
1129,408,Cd,4,0.009803922,No,0,0
1130,408,Cd,4,0.009803922,No,0,0
1131,428,Cd,4,0.009345794,No,0,0
1132,428,Cd,4,0.009345794,No,0,0
1133,428,Cd,4,0.009345794,No,0,0
1134,180,Cu,4,0.022222222,No,0,0
1135,208,Cu,8,0.038461538,No,0,0
1136,228,Cu,12,0.052631579,No,0,0
1137,74,Cu,2,0.027027027,No,0,0
1138,108,Co,4,0.037037037,No,0,0
1139,100,Co,4,0.04,No,0,0
1140,256,Cu,8,0.03125,No,0,0
1141,116,Yb,4,0.034482759,No,0,0
1142,68,Ca,4,0.058823529,No,0,0
1143,38,Ca,2,0.052631579,No,0,0
1144,38,Ca,2,0.052631579,No,0,0
1145,196,Zn,4,0.020408163,No,0,0
1146,224,Ag,16,0.071428571,No,0,0
1147,112,Ag,8,0.071428571,No,0,0
1148,112,Ag,8,0.071428571,No,0,0
1149,224,Ag,16,0.071428571,No,0,0
1150,204,La,4,0.019607843,No,0,0
1151,108,Zn,4,0.037037037,No,0,0
1152,202,Ni,6,0.02970297,No,0,0
1153,234,Zn,12,0.051282051,No,0,0
1154,291,Ag,9,0.030927835,W,36,0.12371134
1155,68,Co,4,0.058823529,No,0,0
1156,136,U,8,0.058823529,No,0,0
1157,342,Cu,6,0.01754386,No,0,0
1158,392,Zn,8,0.020408163,No,0,0
1159,92,Mn,4,0.043478261,No,0,0
1160,198,Pr,6,0.03030303,No,0,0
1161,158,Cd,6,0.037974684,No,0,0
1162,198,Er,6,0.03030303,No,0,0
1163,188,Zn,4,0.021276596,No,0,0
1164,172,Zn,4,0.023255814,No,0,0
1165,89,La,2,0.02247191,Ni,3,0.033707865
1166,122,Cd,2,0.016393443,No,0,0
1167,240,Cd,8,0.033333333,No,0,0
1168,76,Ca,4,0.052631579,No,0,0
1169,76,Ca,4,0.052631579,No,0,0
1170,140,Ni,4,0.028571429,No,0,0
1171,220,Cu,8,0.036363636,No,0,0
1172,224,Cu,8,0.035714286,No,0,0
1173,132,Zn,12,0.090909091,No,0,0
1174,144,Co,12,0.083333333,No,0,0
1175,144,Co,12,0.083333333,No,0,0
1176,150,Cd,6,0.04,No,0,0
1177,96,Ag,4,0.041666667,No,0,0
1178,208,Cu,8,0.038461538,No,0,0
1179,296,Sm,8,0.027027027,No,0,0
1180,296,Sm,8,0.027027027,No,0,0
1181,296,Gd,8,0.027027027,No,0,0
1182,296,Gd,8,0.027027027,No,0,0
1183,176,Zn,8,0.045454545,No,0,0
1184,176,Zn,8,0.045454545,No,0,0
1185,176,Zn,8,0.045454545,No,0,0
1186,176,Zn,8,0.045454545,No,0,0
1187,176,Zn,8,0.045454545,No,0,0
1188,176,Zn,8,0.045454545,No,0,0
1189,144,Ga,20,0.138888889,No,0,0
1190,196,K,4,0.020408163,Cd,16,0.081632653
1191,142,Zn,6,0.042253521,No,0,0
1192,164,Zn,8,0.048780488,No,0,0
1193,100,Ni,4,0.04,No,0,0
1194,72,V,4,0.055555556,No,0,0
1195,72,V,4,0.055555556,No,0,0
1196,72,V,4,0.055555556,No,0,0
1197,188,Na,8,0.042553191,Co,4,0.021276596
1198,92,Mn,4,0.043478261,No,0,0
1199,100,Ni,4,0.04,No,0,0
1200,110,U,6,0.054545455,No,0,0
1201,94,Zn,8,0.085106383,No,0,0
1202,94,Zn,8,0.085106383,No,0,0
1203,106,Zn,8,0.075471698,No,0,0
1204,106,Zn,8,0.075471698,No,0,0
1205,106,Zn,8,0.075471698,No,0,0
1206,352,Ni,8,0.022727273,No,0,0
1207,96,Cu,9,0.09375,No,0,0
1208,116,Ni,2,0.017241379,No,0,0
1209,116,Ni,2,0.017241379,No,0,0
1210,116,Ni,2,0.017241379,No,0,0
1211,166,Zn,6,0.036144578,No,0,0
1212,166,Zn,6,0.036144578,No,0,0
1213,166,Zn,6,0.036144578,No,0,0
1214,94,Mn,2,0.021276596,No,0,0
1215,136,Zn,4,0.029411765,No,0,0
1216,80,La,2,0.025,No,0,0
1217,360,Zn,8,0.022222222,No,0,0
1218,80,Ce,2,0.025,No,0,0
1219,110,Zn,2,0.018181818,No,0,0
1220,110,Zn,2,0.018181818,No,0,0
1221,10,Cd,2,0.2,No,0,0
1222,64,Y,4,0.0625,No,0,0
1223,64,Lu,4,0.0625,No,0,0
1224,102,Zn,2,0.019607843,No,0,0
1225,56,Cd,4,0.071428571,Hg,4,0.071428571
1226,56,Mn,4,0.071428571,Hg,4,0.071428571
1227,216,Zn,6,0.027777778,No,0,0
1228,216,Zn,6,0.027777778,No,0,0
1229,142,Zn,4,0.028169014,No,0,0
1230,284,Zn,8,0.028169014,No,0,0
1231,51,Zn,3,0.058823529,No,0,0
1232,312,Zn,8,0.025641026,No,0,0
1233,312,Zn,8,0.025641026,No,0,0
1234,288,Zn,16,0.055555556,No,0,0
1235,192,Sn,8,0.041666667,No,0,0
1236,36,Cr,2,0.055555556,No,0,0
1237,138,Mg,6,0.043478261,No,0,0
1238,138,Mg,6,0.043478261,No,0,0
1239,69,Zn,3,0.043478261,No,0,0
1240,222,Zn,6,0.027027027,No,0,0
1241,216,Cd,6,0.027777778,No,0,0
1242,23,Co,3,0.130434783,No,0,0
1243,144,Zn,4,0.027777778,No,0,0
1244,228,Co,4,0.01754386,No,0,0
1245,248,Zn,8,0.032258065,No,0,0
1246,252,Cu,12,0.047619048,No,0,0
1247,268,Co,8,0.029850746,No,0,0
1248,234,Ni,6,0.025641026,No,0,0
1249,264,Cu,12,0.045454545,No,0,0
1250,74,Gd,2,0.027027027,No,0,0
1251,156,Cu,8,0.051282051,W,4,0.025641026
1252,320,Zn,16,0.05,No,0,0
1253,112,Mn,8,0.071428571,Re,24,0.214285714
1254,72,Co,6,0.083333333,No,0,0
1255,56,Pr,2,0.035714286,No,0,0
1256,262,Ni,4,0.015267176,No,0,0
1257,50,La,2,0.04,No,0,0
1258,50,Ce,2,0.04,No,0,0
1259,84,Cu,4,0.047619048,No,0,0
1260,100,Zn,4,0.04,No,0,0
1261,49,Zn,5,0.102040816,No,0,0
1262,60,Zn,2,0.033333333,No,0,0
1263,38,Al,2,0.052631579,No,0,0
1264,112,Zn,4,0.035714286,No,0,0
1265,88,Na,4,0.045454545,Cu,4,0.045454545
1266,90,Cd,6,0.066666667,No,0,0
1267,364,Cd,8,0.021978022,No,0,0
1268,228,Zn,12,0.052631579,No,0,0
1269,90,Cd,2,0.022222222,No,0,0
1270,43,Zn,1,0.023255814,No,0,0
1271,216,Zn,4,0.018518519,Pd,4,0.018518519
1272,98,Co,10,0.102040816,No,0,0
1273,124,Cd,4,0.032258065,Ni,4,0.032258065
1274,148,Cd,4,0.027027027,Ni,4,0.027027027
1275,100,Co,4,0.04,No,0,0
1276,100,Zn,4,0.04,No,0,0
1277,144,Zn,8,0.055555556,No,0,0
1278,112,Zn,8,0.071428571,No,0,0
1279,98,Zn,8,0.081632653,No,0,0
1280,208,Sm,16,0.076923077,No,0,0
1281,108,Fe,12,0.111111111,No,0,0
1282,108,Fe,12,0.111111111,No,0,0
1283,108,Fe,12,0.111111111,No,0,0
1284,108,Zn,12,0.111111111,No,0,0
1285,164,Dy,8,0.048780488,No,0,0
1286,108,Co,12,0.111111111,No,0,0
1287,108,Co,12,0.111111111,No,0,0
1288,108,Co,12,0.111111111,No,0,0
1289,132,Mg,6,0.045454545,No,0,0
1290,232,Zn,4,0.017241379,No,0,0
1291,132,Mn,4,0.03030303,No,0,0
1292,117,Co,3,0.025641026,No,0,0
1293,88,Cu,8,0.090909091,No,0,0
1294,152,K,4,0.026315789,Co,12,0.078947368
1295,184,Cu,8,0.043478261,No,0,0
1296,184,Cu,8,0.043478261,No,0,0
1297,122,Zn,10,0.081967213,No,0,0
1298,66,Zn,6,0.090909091,No,0,0
1299,128,K,4,0.03125,In,4,0.03125
1300,236,Zn,8,0.033898305,Cd,4,0.016949153
1301,236,Ca,4,0.016949153,Zn,8,0.033898305
1302,23,Co,3,0.130434783,No,0,0
1303,23,Co,3,0.130434783,No,0,0
1304,204,Zn,18,0.088235294,No,0,0
1305,156,Zn,12,0.076923077,No,0,0
1306,87,Co,3,0.034482759,No,0,0
1307,204,Co,6,0.029411765,No,0,0
1308,108,Mg,12,0.111111111,No,0,0
1309,280,Zn,8,0.028571429,No,0,0
1310,184,Cd,4,0.02173913,No,0,0
1311,73,Ni,2,0.02739726,No,0,0
1312,388,Zn,12,0.030927835,No,0,0
1313,188,Zn,4,0.021276596,No,0,0
1314,85,Zn,3,0.035294118,No,0,0
1315,144,Co,4,0.027777778,No,0,0
1316,76,Ni,4,0.052631579,No,0,0
1317,76,Co,4,0.052631579,No,0,0
1318,244,Cu,16,0.06557377,No,0,0
1319,74,Co,6,0.081081081,No,0,0
1320,156,Zn,12,0.076923077,No,0,0
1321,100,Co,12,0.12,No,0,0
1322,74,Co,6,0.081081081,No,0,0
1323,136,Zn,8,0.058823529,No,0,0
1324,174,Cd,6,0.034482759,No,0,0
1325,372,Cd,8,0.021505376,No,0,0
1326,180,Mn,4,0.022222222,No,0,0
1327,116,Ni,8,0.068965517,No,0,0
1328,118,Gd,4,0.033898305,Cu,6,0.050847458
1329,20,Cd,4,0.2,No,0,0
1330,231,Zn,3,0.012987013,Pt,6,0.025974026
1331,142,Zn,4,0.028169014,No,0,0
1332,20,Fe,1,0.05,Pt,1,0.05
1333,108,Cu,6,0.055555556,No,0,0
1334,138,Zn,6,0.043478261,No,0,0
1335,60,La,2,0.033333333,No,0,0
1336,60,La,2,0.033333333,No,0,0
1337,66,La,2,0.03030303,No,0,0
1338,66,La,2,0.03030303,No,0,0
1339,60,La,2,0.033333333,No,0,0
1340,76,Al,4,0.052631579,No,0,0
1341,76,Al,4,0.052631579,No,0,0
1342,38,Al,2,0.052631579,No,0,0
1343,76,Nd,4,0.052631579,No,0,0
1344,76,Yb,4,0.052631579,No,0,0
1345,76,Nd,4,0.052631579,No,0,0
1346,36,Fe,2,0.055555556,No,0,0
1347,36,Fe,2,0.055555556,No,0,0
1348,428,Cd,4,0.009345794,No,0,0
1349,408,Cd,4,0.009803922,No,0,0
1350,408,Cd,4,0.009803922,No,0,0
1351,106,Zn,8,0.075471698,No,0,0
1352,106,Zn,8,0.075471698,No,0,0
1353,106,Zn,8,0.075471698,No,0,0
1354,112,Zn,8,0.071428571,No,0,0
1355,112,Zn,8,0.071428571,No,0,0
1356,116,Cd,4,0.034482759,No,0,0
1357,116,Cd,4,0.034482759,No,0,0
1358,116,Cd,4,0.034482759,No,0,0
1359,116,Cd,4,0.034482759,No,0,0
1360,160,Ho,4,0.025,No,0,0
1361,160,Er,4,0.025,No,0,0
1362,160,Y,4,0.025,No,0,0
1363,124,Zn,4,0.032258065,No,0,0
1364,102,Zn,6,0.058823529,No,0,0
1365,356,Cu,16,0.04494382,W,4,0.011235955
1366,356,Cu,16,0.04494382,W,4,0.011235955
1367,356,Cu,16,0.04494382,W,4,0.011235955
1368,112,Zn,8,0.071428571,No,0,0
1369,169,Cd,3,0.017751479,No,0,0
1370,76,Ho,4,0.052631579,No,0,0
1371,76,Er,4,0.052631579,No,0,0
1372,76,Yb,4,0.052631579,No,0,0
1373,76,Y,4,0.052631579,No,0,0
1374,73,Co,2,0.02739726,No,0,0
1375,80,Zn,8,0.1,No,0,0
1376,80,Zn,8,0.1,No,0,0
1377,80,Zn,8,0.1,No,0,0
1378,156,Co,6,0.038461538,No,0,0
1379,312,Mn,8,0.025641026,No,0,0
1380,188,Er,8,0.042553191,No,0,0
1381,188,Y,8,0.042553191,No,0,0
1382,94,Er,4,0.042553191,No,0,0
1383,94,Y,4,0.042553191,No,0,0
1384,72,Fe,4,0.055555556,No,0,0
1385,72,Fe,4,0.055555556,No,0,0
1386,121,Zn,3,0.024793388,Cr,3,0.024793388
1387,58,Sr,2,0.034482759,No,0,0
1388,76,Sr,2,0.026315789,Ni,2,0.026315789
1389,184,Mn,8,0.043478261,Ag,16,0.086956522
1390,46,Cu,2,0.043478261,No,0,0
1391,20,Cd,1,0.05,Ni,1,0.05
1392,264,Cd,8,0.03030303,No,0,0
1393,200,Co,8,0.04,No,0,0
1394,56,Pr,2,0.035714286,No,0,0
1395,156,Cu,12,0.076923077,No,0,0
1396,156,Cu,12,0.076923077,No,0,0
1397,156,Cu,12,0.076923077,No,0,0
1398,120,Cd,2,0.016666667,No,0,0
1399,36,Cd,1,0.027777778,Ni,1,0.027777778
1400,140,Rb,4,0.028571429,No,0,0
1401,156,Cu,12,0.076923077,No,0,0
1402,344,Cu,8,0.023255814,No,0,0
1403,184,Cu,8,0.043478261,No,0,0
1404,110,Cu,4,0.036363636,No,0,0
1405,132,Nd,4,0.03030303,No,0,0
1406,50,Yb,2,0.04,No,0,0
1407,50,Dy,2,0.04,No,0,0
1408,50,Ho,2,0.04,No,0,0
1409,50,Ho,2,0.04,No,0,0
1410,100,Ni,4,0.04,No,0,0
1411,168,Zn,8,0.047619048,No,0,0
1412,238,Ni,4,0.016806723,Mo,2,0.008403361
1413,420,V,24,0.057142857,Cu,12,0.028571429
1414,162,Ag,6,0.037037037,No,0,0
1415,32,Cu,8,0.25,No,0,0
1416,112,Yb,2,0.017857143,Na,2,0.017857143
1417,112,Yb,2,0.017857143,Na,2,0.017857143
1418,44,Cd,2,0.045454545,No,0,0
1419,68,Co,4,0.058823529,No,0,0
1420,68,Ni,4,0.058823529,No,0,0
1421,68,Cu,4,0.058823529,No,0,0
1422,68,Cd,4,0.058823529,No,0,0
1423,156,Zn,8,0.051282051,No,0,0
1424,288,Zn,16,0.055555556,No,0,0
1425,152,Zn,8,0.052631579,No,0,0
1426,78,Ca,6,0.076923077,No,0,0
1427,118,Ca,6,0.050847458,No,0,0
1428,100,Zn,4,0.04,No,0,0
1429,168,Zn,12,0.071428571,No,0,0
1430,168,Zn,4,0.023809524,No,0,0
1431,106,Nd,4,0.037735849,Ru,6,0.056603774
1432,160,Gd,8,0.05,No,0,0
1433,160,Sm,8,0.05,No,0,0
1434,160,Sm,8,0.05,No,0,0
1435,172,Cd,8,0.046511628,No,0,0
1436,242,Zn,8,0.033057851,No,0,0
1437,120,Zn,4,0.033333333,No,0,0
1438,284,Zn,16,0.056338028,No,0,0
1439,180,Cd,4,0.022222222,No,0,0
1440,320,Mg,8,0.025,Zn,8,0.025
1441,140,Zn,4,0.028571429,Ir,4,0.028571429
1442,144,Zn,4,0.027777778,Rh,2,0.013888889
1443,108,Zn,12,0.111111111,No,0,0
1444,108,Zn,12,0.111111111,No,0,0
1445,108,Zn,12,0.111111111,No,0,0
1446,416,Cd,8,0.019230769,No,0,0
1447,108,Zn,12,0.111111111,No,0,0
1448,108,Zn,12,0.111111111,No,0,0
1449,108,Zn,12,0.111111111,No,0,0
1450,108,Zn,12,0.111111111,No,0,0
1451,244,Cu,4,0.016393443,No,0,0
1452,140,Zn,4,0.028571429,No,0,0
1453,292,Zn,12,0.04109589,No,0,0
1454,132,Co,4,0.03030303,No,0,0
1455,296,Ni,8,0.027027027,No,0,0
1456,300,Cd,12,0.04,No,0,0
1457,75,Cd,3,0.04,No,0,0
1458,80,Cd,4,0.05,No,0,0
1459,344,Cd,8,0.023255814,No,0,0
1460,46,Fe,2,0.043478261,No,0,0
1461,178,Co,6,0.033707865,No,0,0
1462,124,Zn,4,0.032258065,No,0,0
1463,40,Ag,4,0.1,No,0,0
1464,276,Zn,12,0.043478261,No,0,0
1465,124,Mn,4,0.032258065,No,0,0
1466,240,Mn,8,0.033333333,No,0,0
1467,216,Zn,8,0.037037037,No,0,0
1468,60,Mn,2,0.033333333,No,0,0
1469,260,Zn,16,0.061538462,No,0,0
1470,34,Zn,2,0.058823529,Cu,8,0.235294118
1471,150,Dy,6,0.04,No,0,0
1472,150,Ho,6,0.04,No,0,0
1473,150,Er,6,0.04,No,0,0
1474,132,Zn,2,0.015151515,No,0,0
1475,188,Bi,24,0.127659574,No,0,0
1476,400,Ag,8,0.02,Sb,8,0.02
1477,54,Ni,2,0.037037037,No,0,0
1478,352,Ni,8,0.022727273,Mo,8,0.022727273
1479,116,Yb,8,0.068965517,No,0,0
1480,116,Er,8,0.068965517,No,0,0
1481,62,Zn,2,0.032258065,No,0,0
1482,128,Cd,4,0.03125,No,0,0
1483,76,Co,4,0.052631579,No,0,0
1484,160,Zn,8,0.05,No,0,0
1485,88,Ni,4,0.045454545,No,0,0
1486,228,Yb,3,0.013157895,Co,9,0.039473684
1487,96,Nd,4,0.041666667,No,0,0
1488,84,Nd,2,0.023809524,No,0,0
1489,84,Gd,2,0.023809524,No,0,0
1490,177,Mn,9,0.050847458,No,0,0
1491,248,Cd,4,0.016129032,No,0,0
1492,248,Mn,4,0.016129032,No,0,0
1493,248,Fe,4,0.016129032,No,0,0
1494,248,Co,4,0.016129032,No,0,0
1495,236,V,36,0.152542373,No,0,0
1496,34,Zn,2,0.058823529,No,0,0
1497,98,Zn,10,0.102040816,No,0,0
1498,106,Zn,8,0.075471698,No,0,0
1499,206,Co,4,0.019417476,No,0,0
1500,252,Ni,12,0.047619048,No,0,0
1501,252,Cu,12,0.047619048,No,0,0
1502,252,Zn,12,0.047619048,No,0,0
1503,252,Co,12,0.047619048,No,0,0
1504,184,Mn,8,0.043478261,No,0,0
1505,92,Mn,4,0.043478261,No,0,0
1506,40,Ga,4,0.1,No,0,0
1507,106,Co,2,0.018867925,No,0,0
1508,240,Zn,6,0.025,No,0,0
1509,276,Zn,8,0.028985507,No,0,0
1510,120,Zn,4,0.033333333,No,0,0
1511,126,Mn,6,0.047619048,No,0,0
1512,256,Zn,8,0.03125,No,0,0
1513,88,Er,4,0.045454545,No,0,0
1514,100,Y,4,0.04,No,0,0
1515,304,Zn,4,0.013157895,No,0,0
1516,112,Zn,4,0.035714286,No,0,0
1517,64,Er,4,0.0625,No,0,0
1518,244,Ce,4,0.016393443,No,0,0
1519,116,Cu,4,0.034482759,No,0,0
1520,116,Cu,4,0.034482759,No,0,0
1521,116,Cu,4,0.034482759,No,0,0
1522,99,In,3,0.03030303,No,0,0
1523,99,In,3,0.03030303,No,0,0
1524,81,Zn,3,0.037037037,No,0,0
1525,81,Zn,3,0.037037037,No,0,0
1526,38,Mg,2,0.052631579,No,0,0
1527,284,Zn,16,0.056338028,No,0,0
1528,376,Dy,4,0.010638298,Cu,4,0.010638298
1529,124,Dy,4,0.032258065,No,0,0
1530,296,Mn,8,0.027027027,No,0,0
1531,60,Sr,2,0.033333333,Pt,2,0.033333333
1532,76,Sc,4,0.052631579,No,0,0
1533,192,U,12,0.0625,No,0,0
1534,26,Nd,2,0.076923077,No,0,0
1535,26,Gd,2,0.076923077,No,0,0
1536,106,Zn,8,0.075471698,No,0,0
1537,220,Ni,4,0.018181818,No,0,0
1538,228,Co,8,0.035087719,No,0,0
1539,228,Co,8,0.035087719,No,0,0
1540,228,Co,8,0.035087719,No,0,0
1541,228,Co,8,0.035087719,No,0,0
1542,228,Co,8,0.035087719,No,0,0
1543,88,Ag,4,0.045454545,No,0,0
1544,108,Cu,4,0.037037037,No,0,0
1545,134,Sm,8,0.059701493,No,0,0
1546,272,Zn,16,0.058823529,No,0,0
1547,272,Zn,16,0.058823529,No,0,0
1548,63,Zn,3,0.047619048,No,0,0
1549,63,Mn,3,0.047619048,No,0,0
1550,212,Co,12,0.056603774,No,0,0
1551,260,Ni,20,0.076923077,No,0,0
1552,94,Pr,2,0.021276596,No,0,0
1553,218,Fe,6,0.027522936,No,0,0
1554,148,Fe,4,0.027027027,No,0,0
1555,228,Zn,8,0.035087719,No,0,0
1556,64,Er,4,0.0625,No,0,0
1557,64,Tm,4,0.0625,No,0,0
1558,76,Mn,4,0.052631579,No,0,0
1559,108,Mn,8,0.074074074,No,0,0
1560,108,Mn,8,0.074074074,No,0,0
1561,200,Ni,24,0.12,No,0,0
1562,140,Zn,8,0.057142857,Pt,4,0.028571429
1563,74,Cd,6,0.081081081,No,0,0
1564,148,Cu,12,0.081081081,No,0,0
1565,392,Zn,16,0.040816327,No,0,0
1566,117,Co,3,0.025641026,No,0,0
1567,178,Nd,4,0.02247191,No,0,0
1568,96,La,8,0.083333333,No,0,0
1569,150,Yb,6,0.04,No,0,0
1570,228,Cu,18,0.078947368,No,0,0
1571,82,Mn,4,0.048780488,No,0,0
1572,240,Mn,8,0.033333333,No,0,0
1573,216,Mn,8,0.037037037,No,0,0
1574,216,Mn,8,0.037037037,No,0,0
1575,162,Mn,6,0.037037037,No,0,0
1576,162,Mn,6,0.037037037,No,0,0
1577,202,Cd,6,0.02970297,No,0,0
1578,392,Cd,8,0.020408163,No,0,0
1579,104,Cu,4,0.038461538,No,0,0
1580,76,Zn,8,0.105263158,No,0,0
1581,106,Zn,8,0.075471698,No,0,0
1582,106,Zn,8,0.075471698,No,0,0
1583,46,Cd,6,0.130434783,No,0,0
1584,120,Zn,4,0.033333333,No,0,0
1585,62,Cu,2,0.032258065,No,0,0
1586,168,Li,8,0.047619048,Zn,8,0.047619048
1587,160,Li,8,0.05,Zn,8,0.05
1588,332,Mg,12,0.036144578,No,0,0
1589,166,Mg,6,0.036144578,No,0,0
1590,162,La,8,0.049382716,Mo,24,0.148148148
1591,130,La,8,0.061538462,Mo,24,0.184615385
1592,36,Al,2,0.055555556,No,0,0
1593,38,Al,2,0.052631579,No,0,0
1594,38,Al,2,0.052631579,No,0,0
1595,136,Cd,6,0.044117647,No,0,0
1596,150,Zn,1,0.006666667,In,5,0.033333333
1597,196,Zn,4,0.020408163,No,0,0
1598,140,Co,4,0.028571429,No,0,0
1599,132,Zn,4,0.03030303,No,0,0
1600,204,Co,8,0.039215686,No,0,0
1601,118,Ni,2,0.016949153,No,0,0
1602,118,Ni,2,0.016949153,No,0,0
1603,52,Er,4,0.076923077,No,0,0
1604,52,Yb,4,0.076923077,No,0,0
1605,208,Sm,16,0.076923077,No,0,0
1606,208,Gd,16,0.076923077,No,0,0
1607,208,Dy,16,0.076923077,No,0,0
1608,52,Nd,4,0.076923077,No,0,0
1609,52,Sm,4,0.076923077,No,0,0
1610,52,Gd,4,0.076923077,No,0,0
1611,52,Dy,4,0.076923077,No,0,0
1612,52,Ho,4,0.076923077,No,0,0
1613,128,Be,16,0.125,No,0,0
1614,89,Zn,3,0.033707865,No,0,0
1615,288,Cu,12,0.041666667,No,0,0
1616,76,Zn,4,0.052631579,No,0,0
1617,214,Pr,4,0.018691589,No,0,0
1618,208,Dy,4,0.019230769,No,0,0
1619,166,Gd,4,0.024096386,Cu,6,0.036144578
1620,166,La,4,0.024096386,Co,6,0.036144578
1621,108,Mn,12,0.111111111,No,0,0
1622,140,Cd,4,0.028571429,No,0,0
1623,180,Cd,4,0.022222222,No,0,0
1624,108,Mn,12,0.111111111,No,0,0
1625,108,Mn,12,0.111111111,No,0,0
1626,184,Zn,12,0.065217391,No,0,0
1627,108,Cu,4,0.037037037,No,0,0
1628,146,Zn,8,0.054794521,No,0,0
1629,98,Co,10,0.102040816,No,0,0
1630,116,Cu,4,0.034482759,No,0,0
1631,116,Cu,4,0.034482759,No,0,0
1632,112,Cu,4,0.035714286,No,0,0
1633,100,Co,4,0.04,No,0,0
1634,116,Cu,4,0.034482759,No,0,0
1635,112,Cu,4,0.035714286,No,0,0
1636,64,Cd,8,0.125,No,0,0
1637,316,Na,4,0.012658228,Cu,8,0.025316456
1638,192,Al,8,0.041666667,No,0,0
1639,352,Ag,16,0.045454545,No,0,0
1640,135,Cu,12,0.088888889,No,0,0
1641,104,Zn,2,0.019230769,No,0,0
1642,136,Zn,2,0.014705882,No,0,0
1643,212,Mn,4,0.018867925,No,0,0
1644,177,Mg,9,0.050847458,No,0,0
1645,408,Cd,4,0.009803922,No,0,0
1646,408,Cd,4,0.009803922,No,0,0
1647,408,Cd,4,0.009803922,No,0,0
1648,408,Cd,4,0.009803922,No,0,0
1649,408,Cd,4,0.009803922,No,0,0
1650,428,Cd,4,0.009345794,No,0,0
1651,408,Cd,4,0.009803922,No,0,0
1652,408,Cd,4,0.009803922,No,0,0
1653,178,La,4,0.02247191,Cu,6,0.033707865
1654,178,Nd,4,0.02247191,Cu,6,0.033707865
1655,74,Cd,6,0.081081081,No,0,0
1656,216,Cu,12,0.055555556,No,0,0
1657,108,Fe,6,0.055555556,No,0,0
1658,156,Cu,12,0.076923077,No,0,0
1659,156,Cu,12,0.076923077,No,0,0
1660,272,Co,16,0.058823529,No,0,0
1661,180,Zn,4,0.022222222,No,0,0
1662,74,La,2,0.027027027,No,0,0
1663,156,In,4,0.025641026,No,0,0
1664,174,Cu,4,0.022988506,No,0,0
1665,156,Cu,12,0.076923077,No,0,0
1666,156,Cu,12,0.076923077,No,0,0
1667,156,Cu,12,0.076923077,No,0,0
1668,156,Cu,12,0.076923077,No,0,0
1669,156,Cu,12,0.076923077,No,0,0
1670,156,Cu,12,0.076923077,No,0,0
1671,156,Cu,12,0.076923077,No,0,0
1672,198,Zn,8,0.04040404,No,0,0
1673,57,Co,3,0.052631579,No,0,0
1674,100,Gd,4,0.04,No,0,0
1675,212,Cu,4,0.018867925,No,0,0
1676,216,V,12,0.055555556,No,0,0
1677,132,Cu,4,0.03030303,No,0,0
1678,132,Cu,4,0.03030303,No,0,0
1679,67,Zn,3,0.044776119,No,0,0
1680,30,Sr,2,0.066666667,No,0,0
1681,112,Zn,8,0.071428571,No,0,0
1682,52,Zn,4,0.076923077,No,0,0
1683,208,Gd,4,0.019230769,No,0,0
1684,208,Gd,4,0.019230769,No,0,0
1685,260,Gd,4,0.015384615,No,0,0
1686,260,Gd,4,0.015384615,No,0,0
1687,208,Gd,4,0.019230769,No,0,0
1688,108,Mg,12,0.111111111,No,0,0
1689,108,Mg,12,0.111111111,No,0,0
1690,108,Mg,12,0.111111111,No,0,0
1691,108,Mg,12,0.111111111,No,0,0
1692,108,Mg,12,0.111111111,No,0,0
1693,208,Ni,8,0.038461538,No,0,0
1694,156,Mg,12,0.076923077,No,0,0
1695,224,Ca,8,0.035714286,No,0,0
1696,89,Zn,5,0.056179775,No,0,0
1697,91,Zn,5,0.054945055,No,0,0
1698,300,Zn,4,0.013333333,No,0,0
1699,98,Cd,2,0.020408163,No,0,0
1700,144,Mn,4,0.027777778,No,0,0
1701,144,Zn,4,0.027777778,No,0,0
1702,144,Zn,4,0.027777778,No,0,0
1703,144,Zn,4,0.027777778,No,0,0
1704,144,Zn,4,0.027777778,No,0,0
1705,272,Y,8,0.029411765,No,0,0
1706,140,Zn,4,0.028571429,No,0,0
1707,138,Co,2,0.014492754,No,0,0
1708,138,Co,6,0.043478261,No,0,0
1709,138,Co,6,0.043478261,No,0,0
1710,138,Co,6,0.043478261,No,0,0
1711,114,Na,4,0.035087719,Zn,4,0.035087719
1712,131,Mn,1,0.007633588,Zn,2,0.015267176
1713,136,Zn,8,0.058823529,No,0,0
1714,160,La,4,0.025,No,0,0
1715,120,Co,8,0.066666667,No,0,0
1716,88,Zn,8,0.090909091,No,0,0
1717,216,Zn,16,0.074074074,No,0,0
1718,108,Ni,12,0.111111111,No,0,0
1719,108,Mn,12,0.111111111,No,0,0
1720,82,Zn,8,0.097560976,No,0,0
1721,82,Zn,8,0.097560976,No,0,0
1722,60,Cu,2,0.033333333,No,0,0
1723,360,Er,4,0.011111111,No,0,0
1724,224,Cu,8,0.035714286,No,0,0
1725,82,Ni,2,0.024390244,No,0,0
1726,56,Ce,2,0.035714286,No,0,0
1727,100,Zn,8,0.08,No,0,0
1728,137,Zn,3,0.02189781,No,0,0
1729,93,Cu,3,0.032258065,No,0,0
1730,112,Ho,4,0.035714286,No,0,0
1731,112,Dy,4,0.035714286,No,0,0
1732,112,Nd,4,0.035714286,No,0,0
1733,56,Li,4,0.071428571,No,0,0
1734,56,Li,4,0.071428571,No,0,0
1735,56,Li,4,0.071428571,No,0,0
1736,342,Zn,18,0.052631579,No,0,0
1737,404,Zn,12,0.02970297,No,0,0
1738,208,Zn,8,0.038461538,No,0,0
1739,108,Co,12,0.111111111,No,0,0
1740,108,Co,12,0.111111111,No,0,0
1741,228,Cd,4,0.01754386,No,0,0
1742,98,Co,2,0.020408163,No,0,0
1743,196,Zn,4,0.020408163,No,0,0
1744,176,Zn,6,0.034090909,No,0,0
1745,288,Zn,8,0.027777778,No,0,0
1746,170,Zn,4,0.023529412,No,0,0
1747,288,Zn,8,0.027777778,No,0,0
1748,36,Cd,4,0.111111111,No,0,0
1749,44,Cd,4,0.090909091,No,0,0
1750,56,Mn,4,0.071428571,Hg,4,0.071428571
1751,36,Fe,2,0.055555556,No,0,0
1752,74,Ba,6,0.081081081,U,8,0.108108108
1753,72,In,4,0.055555556,No,0,0
1754,162,Cu,6,0.037037037,No,0,0
1755,96,Zn,16,0.166666667,No,0,0
1756,252,Pd,12,0.047619048,No,0,0
1757,76,Zn,4,0.052631579,No,0,0
1758,236,Zn,12,0.050847458,No,0,0
1759,212,Cd,20,0.094339623,No,0,0
1760,76,Dy,4,0.052631579,No,0,0
1761,40,Yb,2,0.05,Pt,4,0.1
1762,134,Ba,2,0.014925373,No,0,0
1763,184,Ho,8,0.043478261,No,0,0
1764,144,Zn,6,0.041666667,No,0,0
1765,68,Pb,4,0.058823529,No,0,0
1766,146,Zn,8,0.054794521,No,0,0
1767,42,Sr,4,0.095238095,Cu,2,0.047619048
1768,17,Cd,3,0.176470588,No,0,0
1769,17,Cd,3,0.176470588,No,0,0
1770,34,Cd,6,0.176470588,No,0,0
1771,68,Cd,12,0.176470588,No,0,0
1772,34,Cd,6,0.176470588,No,0,0
1773,84,Zn,6,0.071428571,No,0,0
1774,102,Cu,6,0.058823529,No,0,0
1775,44,Cu,4,0.090909091,No,0,0
1776,72,Sr,8,0.111111111,No,0,0
1777,104,Al,8,0.076923077,No,0,0
1778,66,Mn,2,0.03030303,No,0,0
1779,264,Pr,8,0.03030303,No,0,0
1780,165,Ce,3,0.018181818,No,0,0
1781,166,Dy,4,0.024096386,No,0,0
1782,122,Zn,4,0.032786885,No,0,0
1783,352,Co,16,0.045454545,No,0,0
1784,156,Cd,4,0.025641026,No,0,0
1785,172,Zn,4,0.023255814,No,0,0
1786,90,Cd,2,0.022222222,No,0,0
1787,124,Mn,4,0.032258065,No,0,0
1788,128,Ce,4,0.03125,No,0,0
1789,34,Cu,2,0.058823529,No,0,0
1790,220,Ce,4,0.018181818,No,0,0
1791,68,Cu,4,0.058823529,No,0,0
1792,260,Zn,8,0.030769231,No,0,0
1793,72,Li,8,0.111111111,No,0,0
1794,120,Ca,4,0.033333333,No,0,0
1795,48,Zn,1,0.020833333,No,0,0
1796,96,Co,2,0.020833333,No,0,0
1797,74,Dy,2,0.027027027,No,0,0
1798,74,Gd,2,0.027027027,No,0,0
1799,272,Zn,16,0.058823529,No,0,0
1800,272,Zn,16,0.058823529,No,0,0
1801,272,Zn,16,0.058823529,No,0,0
1802,210,Zn,10,0.047619048,No,0,0
1803,276,Zn,12,0.043478261,No,0,0
1804,252,Zn,12,0.047619048,No,0,0
1805,156,Cr,12,0.076923077,No,0,0
1806,100,Cu,4,0.04,No,0,0
1807,100,Cu,4,0.04,No,0,0
1808,141,Co,3,0.021276596,No,0,0
1809,188,Co,4,0.021276596,No,0,0
1810,170,Cu,4,0.023529412,No,0,0
1811,68,Zn,4,0.058823529,No,0,0
1812,54,Zn,2,0.037037037,No,0,0
1813,54,Zn,6,0.111111111,No,0,0
1814,98,Zn,4,0.040816327,No,0,0
1815,54,Zn,6,0.111111111,No,0,0
1816,30,Cd,1,0.033333333,Ni,1,0.033333333
